Brand,Series,Title,Price,Memory,Storage
LENOVO,IdeaPad V15-IGL,"Lenovo Ideapad 1-14IGL (Intel Core Celeron - N4020 Processor | 4GB RAM | 256GB SSD | Intel UHD Graphics 600 | 14"" HD Display)","रु 32,999.00",,
Dell,Wyse,Dell Wyse 5470 (Intel Celeron Processor | 8GB RAM | 256GB SSD Storage | Intel UHD Graphics | 14″ FHD Display),"रु 34,999.00",,
Acer,Aspire Series,"Acer Aspire 3 Slimbook (Intel Celeron N4500 Processor | 8GB RAM | 256GB SSD | 15.6"" FHD (1920 x 1080) IPS Display | 1 Year Warranty)","रु 34,999.00",,
LENOVO,IdeaPad V15-IGL,"Lenovo V15-IGL 2021 (Intel Core Celeron - N4020 Processor | 8GB RAM | 256GB SSD | Intel UHD Graphics 600 | 15.6"" HD Display)","रु 36,999.00",,
Acer,Aspire Series,Acer Aspire 3 15 (Intel Core i3 1215U Processor | 8GB RAM | 256GB SSD | Intel Graphics | 15.6-inch FHD (1920 x 1080) Display | 1 Year Warranty),"रु 45,999.00",,
Acer,Aspire Series,"Acer Aspire 3 Slimbook (AMD Ryzen 3 7220U Processor | 8GB RAM | 512GB SSD | 15.6"" FHD (1920 x 1080) IPS Display | AMD Radeon Graphics | 1 Year Warranty)","रु 48,999.00",,
Lenovo,IdeaPad Series,"Lenovo IdeaPad Slim 3 15IAN8 (13th Generation Intel Core i3 N305 Processor | 8GB RAM | 512GB SSD | Intel UHD Graphics | 15.6"" FHD (1920 x 1080) Anti-glare Display | Windows 11 Home | 1 Year Warranty)","रु 48,999.00",,
Acer,Aspire Series,"Acer Aspire Go 15 (13th Gen Intel Core i3-N305 Processor | 8GB RAM | 128+256GB SSD | 15.6"" FHD (1920 x 1080) IPS Display | 1 Year Warranty)","रु 49,999.00",,
Lenovo,IdeaPad Slim 3 Series,"Lenovo IdeaPad Slim 3 15AMN8 (AMD Ryzen 3 7320U Processor | 8GB RAM | 256GB SSD | 15.6"" FHD (1920 x 1080) IPS Display | 1 Year Warranty)","रु 50,000.00",,
Hewlett-Packard (HP),Notebook,"HP Notebook 14S (13th Gen Intel Core i3 - N305 Processor | 8GB RAM | 256GB SSD | Intel Iris Xe Graphics | 14"" FHD Display)","रु 50,999.00",,
Dell,Vostro Series,Dell Vostro 3520 (12th Gen Intel Core i3 1215U Processor | 8GB DDR4 RAM | 512GB NVMe SSD | Intel UHD Graphics | 15.6-inch FHD (1920 x 1080) Display | 1 Year Warranty),"रु 50,999.00",,
Acer,Aspire Series,[13th Generation] Acer Aspire Lite (Intel Core i3 N300 Processor | 8GB DDR5 RAM | 512GB NVMe Gen4 SSD | 14-inch WUXGA (1920 x 1200) Display | Intel UHD Graphics | Pure Silver Color | 1 Year Warranty),"रु 50,999.00",,
Acer,Aspire Series,Acer Aspire Lite 15 (Intel Core i3 1215U Processor | 8GB RAM | 512GB SSD | Intel UHD Graphics Card | 15.6-inch FHD (1920 x 1080) Display | 1 year Warranty),"रु 52,000.00",,
HP,Notebook,"2024's HP Laptop 14t-ep100 (14th Generation Intel Core 3 100U Processor | 8GB RAM | 512GB SSD Storage | 14"" FHD (1920 x 1080) IPS Display | Windows 11 Home | Backlit Keyboard | 1 Year Warranty)","रु 54,999.00",,
Lenovo,IdeaPad Series (14IAU8),Lenovo IdeaPad Slim 3 14IRU8 (13th Gen Intel Core i3 1305U Processor | 8GB RAM | 512GB SSD | Intel UHD Graphics Card | 14-inch FHD IPS Display | Fingerprint Reader | 1 Year Warranty),"रु 55,000.00",,
Lenovo,V Series,"Lenovo V15 G4 AMN (AMD Ryzen 5 7520U Processor | 8GB RAM | 512GB SSD | 15.6"" FHD (1920 x 1080) IPS Display | AMD Radeon 610M Graphics | 1 Year Warranty)","रु 56,999.00",,
Acer,,"Acer Aspire 3 A315 (AMD Ryzen 5 - 7520U Processor | 8GB RAM | 512GB SSD | AMD Radeon Graphics | 15.6"" FHD Display)","रु 57,999.00",,
Asus,,"Asus VivoBook 14 X415EA (Intel Core i3 - 1115G4 Processor | 4GB RAM | 256GB SSD | Intel UHD Graphics | 14"" FHD Display)","रु 58,000.00",,
Lenovo,IdeaPad Slim 3 Series,"Lenovo IdeaPad Slim 3 15AMN8 (AMD Ryzen 5 7520U Processor | 8GB RAM | 512GB SSD | 15.6"" FHD (1920 x 1080) IPS Display | 1 Year Warranty)","रु 58,499.00",,
Lenovo,IdeaPad Series,Lenovo IdeaPad 1 15AMN7 (AMD Ryzen 5 7520U Processor | 8GB RAM | 512GB SSD | AMD Radeon 610M Graphics Card | 15.6-inch FHD (1920 x 1080) IPS Display | 1 Year Warranty),"रु 58,999.00",,
Acer,Extensa Series,Acer Extensa 15 (AMD Ryzen 5 7520U Processor | 8GB RAM | 512GB SSD | 15.6-inch FHD Display | AMD Radeon Graphics Card | 1 Year Warranty),"रु 59,000.00",,
Dell,Inspiron Series,"Dell Inspiron 15 3535 (AMD Ryzen 5 7520U Processor | 8GB RAM | 512GB SSD | 15.6"" FHD (1920 x 1080) 120Hz IPS Display | AMD Radeon 610M Graphics Card | Genuine Windows 11 | 1 Year Warranty)","रु 60,999.00",,
HP,Notebook Series,"HP 15-FC0041WM (AMD Ryzen 5 7520U Processor | 8GB RAM | 512GB SSD Storage | 15.6"" FHD (1920 x 1080) IPS Display | Windows 11 Home | 1 Year Warranty)","रु 60,999.00",,
DELL,,"Dell Vostro 15 3520 (Intel Core i5 - 1235U Processor | 8GB RAM | 256GB SSD | Intel UHD Graphics Card | 15.6"" FHD Display)","रु 62,000.00",,
Acer,Aspire Series,"Acer Aspire 3 Slimbook (AMD Ryzen 5 7430U Processor | 16GB RAM | 512GB SSD | 15.6"" FHD (1920 x 1080) IPS Display | AMD Radeon Graphics | 1 Year Warranty)","रु 63,499.00",,
Acer,Aspire Series,Acer Aspire Lite 15 (AMD Ryzen 7 5700U Processor | 16GB RAM | 512GB SSD | AMD Radeon Graphics | 15.6-inch FHD (1920 x 1080) Display | 1 year Warranty),"रु 63,799.00",,
DELL,,"Dell Vostro 15 3520 (Intel Core i5 - 1235U Processor | 8GB RAM | 512GB SSD | Intel UHD Graphics Card | 15.6"" FHD Display)","रु 63,999.00",,
Lenovo,,Lenovo V14 G4 2023 (AMD Ryzen 5 7520U Processor | 8GB RAM | 512GB SSD | 14-inch FHD (1920 x 1080) IPS Display | AMD Radeon™ 610M Graphics | Windows 11 Pro | 1 Year Warranty),"रु 63,999.00",,
Acer,Aspire Series,"Acer Aspire 3 A315-59 (Intel Core i5 1235U Processor | 16GB RAM | 512GB SSD | Intel Iris Xe Graphics | 15.6"" FHD (1920 x 1080) Display | 1 Year Warranty)","रु 64,499.00",,
Acer,Aspire Series,"[Backlit Keyboard] Acer Aspire 3 Slimbook (AMD Ryzen 5 7430U Processor | 16GB RAM | 512GB SSD | 15.6"" FHD (1920 x 1080) IPS Display | AMD Radeon Graphics | 1 Year Warranty)","रु 65,499.00",,
Acer,Aspire Series,Acer Aspire Go 14 AG14-21P (AMD Ryzen 5 7520U Processor | 16GB RAM | 512GB SSD | 14-inch WUXGA (1920 x 1200) Display | AMD Radeon Graphics | 1 Year Warranty),"रु 67,999.00",,
LENOVO,V15 G3,"Lenovo V15 G3 (Intel Core i5 - 1235U Processor | 8GB RAM | 512GB SSD | Integrated Intel UHD Graphics | 15.6"" FHD IPS Display )","रु 67,999.00",,
Lenovo,IdeaPad Series,"Lenovo IdeaPad 1 14IAU7 (12th Generation Intel Core i5 1235U Processor | 16GB RAM | 512GB SSD | 14"" FHD (1920 x 1080) Display | 1 Year Warranty)","रु 67,999.00",,
Lenovo,IdeaPad Series,"Lenovo IdeaPad 1 15IAU7 (12th Gen Intel Core i5 1235U Processor | 16GB RAM | 512GB SSD Storage | Intel Graphics | 15.6"" FHD (1920 x 1080) IPS Display | 1 Year Warranty)","रु 67,999.00",,
Acer,Aspire Series,Acer Aspire 3 15 (AMD Ryzen 7 5700U Processor | 16GB RAM | 512GB SSD | AMD Radeon Graphics Card | 15.6-inch FHD (1920 x 1080) IPS SilmBezel Display | 1 Year Warranty),"रु 68,499.00",,
Lenovo,IdeaPad Series,Lenovo IdeaPad Slim 3 14IAH8 (12th Gen Intel Core i5 12450H Processor | 16GB RAM | 512GB SSD | Intel UHD Graphics Card | 14-inch FHD Display | 1 Year Warranty),"रु 68,999.00",,
,,"Lenovo IdeaPad Slim 3 15IAH8 (12th Generation Intel Core i5 12450H Processor | 16GB RAM | 512GB SSD | 15.6"" FHD (1920 x 1080) Display | Intel UHD Graphics | 1 Year Warranty)","रु 68,999.00",,
Acer,Aspire Series,Acer Aspire Lite 15 (Intel Core i5 1235U Processor | 16GB RAM | 512GB SSD | Intel UHD Graphics Card | 15.6-inch FHD (1920 x 1080) Display | 1 year Warranty),"रु 69,000.00",,
ACER,ASPIRE 5,"Acer Aspire 5 (Intel Core i5 12450H Processor | 16GB RAM | 512GB SSD | Intel Iris Xe Graphics | 15.6"" FHD (1920 x 1080) Display | 1 Year Warranty)","रु 69,999.00",,
ACER,ASPIRE SERIES,"Acer Aspire 5 A515-58P (13th Generation Intel Core i5 1335U Processor | 16GB RAM | 512GB SSD | Intel Iris Xe Graphics | 15.6"" FHD (1920 x 1080 Display | 1 Year Warranty)","रु 71,999.00",,
HP,Notebook Series,"HP NoteBook 15 (13th Gen Intel Core i5-1334U Processor | 8GB DDR4 RAM | 512GB NVMe SSD | Intel Iris Xe Graphics Card | 15.6"" FHD (1920 x 1080) Display | Backlit Keyboard | 1 Year Warranty)","रु 71,999.00",,
Acer,Aspire Series,"Acer Aspire 3 A314 (AMD Ryzen™ 5 7520U processor | 16GB LPDDR5 RAM | 512GB PCIe SSD | AMD Radeon™ Graphics | 14"" FHD (1920x1080) Display | Windows 11 Home | 1 Year Warranty)","रु 72,000.00",,
Acer,Aspire Series,"Acer Aspire 3 15 (13th Gen Intel Core i5 1334U Processor | 16GB RAM | 512GB SSD | 15.6"" FHD (1920 x 1080) IPS Display | AMD Radeon Graphics | 1 Year Warranty)","रु 73,699.00",,
Hewlett-Packard (HP),Notebook,"HP Notebook 15S FQ5022NE (Intel Core i5 - 1235U Processor | 8GB RAM | 512GB SSD | Intel Iris Xe Graphics | 15.6"" FHD Display)","रु 74,000.00",,
Dell,Vostro Series,Dell Vostro 3530 (Intel Core i5 1335U Processor | 16GB RAM | 512GB SSD | Intel Iris Xe Graphics Card | 15.6-inch FHD (1920 x 1080) IPS Display | 1 Year Warranty),"रु 74,999.00",,
ACER,IDEAPAD,"Lenovo IdeaPad 3 (AMD Ryzen 7 5700U Processor | 20GB RAM | 512GB SSD | AMD Radeon Graphics | 14"" FHD Display)","रु 75,000.00",,
,,Lenovo IdeaPad Slim 3 14IRH8 (13th Generation Intel Core i5 13420H Processor | 16GB RAM | 512GB SSD | 14.0-inch FHD (1920 x 1080) Display | Intel UHD Graphics | 1 Year Warranty),"रु 75,000.00",,
Acer,Aspire Series,"Acer Aspire 3 15 (13th Gen Intel Core i5 1334U Processor | 16GB RAM | 512GB SSD | 15.6"" FHD (1920 x 1080) IPS Display | AMD Radeon Graphics | Backlit Keyboard | 1 Year Warranty)","रु 75,399.00",,
ASUS,VivoBook,"ASUS VivoBook Go 15 E1504FA-NJ113W (AMD Ryzen 5-7520U Processor | 8GB RAM | 512GB SSD | AMD Radeon Graphics Card | 15.6"" FHD (1920 x 1080) Display | 2 Year Authorized Warranty)","रु 75,999.00",,
LENOVO,ThinkBook Series,Lenovo ThinkBook 14 (12th Gen Intel Core i5-1235U Processor | 8GB RAM | 512GB SSD | Integrated Intel UHD Graphics Card | 14-inch FHD IPS Display | 1 Year Warranty),"रु 75,999.00",,
Acer,Aspire Series,"Acer Aspire 3 Slimbook (AMD Ryzen 7 7730U Processor | 16GB RAM | 512GB SSD | 15.6"" FHD (1920 x 1080) IPS Display | AMD Radeon Graphics | 1 Year Warranty)","रु 76,999.00",,
Lenovo,Ideapad Series,"Lenovo IdeaPad Slim 3 15IRU9 (14th Gen Intel Core 5 120U Processor | 8GB RAM | 512GB SSD | 15.6"" FHD (1920 x 1080) Touch IPS Display | Intel Graphics | 1 Year Warranty)","रु 77,999.00",,
Lenovo,IdeaPad Series,"Lenovo IdeaPad Slim 3 14IRH10 (13th Gen Intel Core i5 13420H Processor | 16GB RAM | 512GB SSD Storage | 14"" WUXGA (1920 x 1200) IPS Display | Backlit Keyboard | 1 Year Warranty)","रु 79,999.00",,
ACER,SWIFT ,"Acer Swift 3 (AMD Ryzen 7 - 5700U Processor | 8GB RAM | 512GB SSD | AMD Radeon Vega 8 Graphics | 14"" FHD Display)","रु 79,999.00",,
Acer,Aspire Series,Acer Aspire 5 15 (14th Generation Intel® Core™ 5 processor 120U Processor | 8GB RAM | 512GB SSD | 15.6-inch FHD (1920 x 1080) IPS Display | Intel UHD Graphics | 1 Year Warranty),"रु 79,999.00",,
Acer,Swift Series,Acer Swift Go 14 (AMD Ryzen 5 7430U Processor | 16GB RAM | 512GB SSD | AMD Radeon Graphics Card | 14-inch FHD (1920 x 1080) IPS Display | Fingerprint Reader | 1 Year Warranty),"रु 79,999.00",,
HP,Business Series,HP 15-dw4017nq (12th Gen Intel Core i5-1235U Processor | 8GB DDR4 RAM | 512GB M.2 NVMe SSD | NVIDIA GeForce MX550 2GB Graphics Card | 15.6-inch FHD (1920 x 1080p) Display | 1 Year Warranty),"रु 80,000.00",,
Hewlett-Packard (HP),Pavilion,"HP Pavilion x360 14-EK0033 2-IN-1 (Intel Core i5 - 1235U Processor | 8GB RAM | 512GB SSD | Intel Iris Xe Graphics | 14"" FHD Touchscreen Display)","रु 80,999.00",,
ASUS,VivoBook Go Series,"Asus VivoBook Go E1404 2023 (AMD Ryzen 5 7520U Processor | 8GB RAM | 512GB SSD | 14"" FHD (1920 x 1080) IPS Display | AMD Radeon Graphics | 2 Years Authorized Warranty)","रु 81,500.00",,
ASUS,VIVOBOOK,Asus Vivobook X1402ZA - EK647W (lntel Core i5-1235U Processor | 8GB DDR4 on board | 512GB SSD | 14.0-inch FHD Display | Wired optical mouse),"रु 82,000.00",,
HP,Pavilion Plus Series,"HP Pavilion Plus 14-ey0047nr (AMD Ryzen 5 7540U Processor | 16GB RAM | 512GB SSD | 14"" WUXGA (1920 x 1200) IPS Display | 1 Year Warranty)","रु 82,499.00",,
Lenovo,ThinkBook Series,Lenovo ThinkBook 14 G4 IAP (12th Generation Intel Core i5 1235U Processor | 8GB RAM | 512GB SSD | NVIDIA® GeForce MX550 2GB Dedicated Graphics | 14-inch FHD (1920 x 1080) Display | 1 Year Warranty),"रु 83,000.00",,
Acer,Aspire Series,Acer Aspire 5 15 (12th Generation Intel Core i5-1235U Processor | 8GB DDR4 RAM | 512GB SSD | NVIDIA GeForce RTX 2050 4GB Graphics Card | 15.6-inch FHD IPS Slim bezel Display | 1 Year Warranty),"रु 83,999.00",,
HP,Pavilion Series,"HP Pavilion 15-EH1070 (AMD Ryzen 7 5700U Processor | 16GB RAM | 512GB SSD Storage | 15.6"" FHD (1920 x 1080) IPS Display | 1 Year Warranty)","रु 84,999.00",,
Lenovo,IdeaPad Series,Lenovo IdeaPad Slim 3 15ABR8 (AMD Ryzen 7 7730U Processor | 16GB RAM | 512GB SSD | 15.6-inch FHD (1920 x 1080) Display | AMD Radeon Graphics | 1 Year Warranty),"रु 84,999.00",,
Hewlett-Packard (HP),Notebook,"HP Notebook 15s-fq5295nia (Intel core i5-1235U processor | 8GB RAM | 512GB SSD | Intel Iris Xe Graphics | 15.6"" FHD Display","रु 85,000.00",,
DELL,,"Dell Inspiron 16 5630 (Intel Core i5 - 1335U Processor | 8GB RAM | 512GB SSD | Intel Iris Xe | Finger Print Reader|16"" FHD Display |Backlit Keyboard )","रु 85,000.00",,
Acer,Aspire Lite Series,"Acer Aspire Lite 16 (Intel Core i5 1334U Processor | 16GB RAM | 512GB SSD | 16"" WUXGA (1920 x 1200) IPS Display | Intel UHD Graphics | 1 Year Warranty)","रु 85,000.00",,
Hewlett-Packard (HP),Envy,HP Envy x360 14-ES0013dx (13th Gen Intel Core i5-1335U Processor | 8GB RAM | 512GB SSD | 14″ FHD 2-in-1 Touch Screen Display | Fingerprint Reader),"रु 85,000.00",,
ASUS,VivoBook Series,"ASUS VivoBook X1404V-EB793W (13th Generation Intel Core i5 1334U Processor | 16GB RAM | 512GB SSD | 14"" FHD (1920 x 1080) IPS Display | Intel UHD Graphics | 2 Years Authorized Warranty + 1 Year Perfect Warranty)","रु 85,999.00",,
DELL,,"Dell Inspiron 15 3520 (Intel Core i7 - 1255U Processor | 8GB RAM | 512GB SSD | Intel UHD Graphics | 15.6"" FHD Display | UBT )","रु 86,000.00",,
Lenovo,IdeaPad Series,"Lenovo IdeaPad Slim 3 14IRU8 (13th Generation Intel Core i7 1355U Processor | 16GB RAM | 512GB SSD Storage | 14"" FHD (1920 x 1080) 16:9 Display | 1 Year Warranty)","रु 86,999.00",,
HP,Pavilion Series,HP Pavilion 15t-eg300 (Intel® Core™ i5-1335U Processor | 8GB RAM | 512GB SSD | Intel Iris Xe Graphics Card | 15.6-inch FHD (1920 x 1080) Display | Fingerprint Scanner | Backlit Keyboard | 1 Year Warranty | Natural Silver),"रु 87,000.00",,
,,Lenovo IdeaPad Slim 3 14IRH8 (13th Generation Intel Core i7 13620H Processor | 16GB RAM | 512GB SSD | 14.0-inch FHD (1920 x 1080) Display | Intel UHD Graphics | 1 Year Warranty),"रु 87,999.00",,
Lenovo,IdeaPad Series,"Lenovo IdeaPad 5 15ABA7 (AMD Ryzen 7 5825U Processor | 16GB RAM | 512GB SSD | AMD Radeon Graphics | 15.6"" FHD (1920 x 1080) 100% sRGB IPS Display | Windows 11 Home | Backlit Keyboard & Fingerprint Reader | 1 Year Warranty)","रु 87,999.00",,
Apple,,"Apple 2024 Mac Mini Desktop Computer (M2 chip, 8GB Unified Memory, 256GB SSD Storage) | 1 year authorized warranty","रु 87,999.00",,
Acer,Aspire Series,"Acer Aspire 14 A14-51P (14th Generation Intel Core 5 120U Processor | 16GB RAM | 512GB SSD | 14"" WUXGA (1920 x 1200) IPS Display | 2 Years Warranty)","रु 88,999.00",,
ASUS,VivoBook Series,ASUS VivoBook X1504VA (Intel Core i5 1335U Processor | 8GB RAM | 512GB SSD | Intel UHD Graphics Card | 15.6-inch FHD (1920 x 1080) IPS Display | 2 Years ASUS Authorized Warranty),"रु 89,000.00",,
Acer,Aspire Series,"Acer Aspire Spin 14 2024 (14th Generation Intel Core 5 120U Processor | 8GB RAM | 512GB SSD | 14"" WUXGA (1920 x 1200) IPS Touch Display | Windows 11 | 1 Year Warranty)","रु 89,499.00",,
HP,Victus Gaming Series,"HP Victus 15 (AMD Ryzen 5 7535HS Processor | 8GB RAM | 512GB SSD | AMD Radeon RX 6550M 4GB Graphics | 15.6"" FHD (1920 x 1080) 144Hz IPS Display | 1 Year Warranty)","रु 89,499.00",,
ACER,Nitro V 15 Series,"Acer Nitro V 15 2023 (13th Gen Intel Core i5 13420H Processor | 16GB RAM | 512GB SSD Storage | 15.6"" FHD (1920 x 1080P) 144Hz IPS Display | NVIDIA RTX 2050 4GB Graphics Card | 1 Year Warranty)","रु 89,999.00",,
Hewlett-Packard (HP),Envy,[2024] HP Envy x360 14-ES0013dx (14th Gen Intel Core 5 120U Processor | 8GB RAM | 512GB SSD | 14″ FHD 2-in-1 Touch Screen Display | Fingerprint Reader),"रु 89,999.00",,
DELL,,"Dell Vostro 15 3520 (Intel Core i7 - 1255U Processor | 16GB RAM | 512GB SSD | Intel Graphics | 15.6"" FHD (1920 x 1080) Display | 1 Year Warranty)","रु 89,999.00",,
ASUS,VivoBook,ASUS VivoBook 14 X1404VA-EB149W (Intel Core i5-1335U Processor | 8GB RAM | 512GB SSD | Intel UHD Graphics Card | 14-inch FHD IPD Display | 2 Years Warranty),"रु 90,000.00",,
Lenovo,LOQ 15IRH8 Series,Lenovo LOQ 15IRH8 (12th Gen Intel Core i5 12450H Processor | 8GB DDR5 RAM | 512GB SSD | NVIDIA GeForce RTX 2050 4GB Graphics Card | 15.6-inch FHD 144Hz Display | 1 Year Warranty),"रु 90,000.00",,
,,Lenovo IdeaPad Slim 3 15IRH8 (13th Generation Intel Core i7 13620H Processor | 16GB RAM | 512GB SSD | 15.6-inch FHD (1920 x 1080) Display | Intel UHD Graphics | 1 Year Warranty),"रु 90,000.00",,
Acer,,"Acer Aspire 5 A515-57G-566C (Intel Core i5 - 1235U Processor | 16GB RAM | 512GB SSD | NVIDIA GeForce MX550 Graphics | 15.6"" FHD Display)","रु 90,000.00",,
Lenovo,LOQ Series,Lenovo LOQ 15ARP9 (AMD Ryzen 5 7235HS Processor | 12GB RAM | 512GB SSD | NVIDIA GeForce RTX 3050 6GB Graphics Card | 15.6-inch FHD (1920 x 1080) 144Hz Display | 1 Year Warranty),"रु 91,999.00",,
Dell,Inspiron Series,"Dell Inspiron 7440 2-in-1 Laptop (14th Generation Intel Core 5 120U Processor | 8GB RAM | 512GB SSD Storage | Intel Graphics | 14"" FHD+ (1920 x 1200) Touch IPS Display | Windows 11 | 1 Year Warranty)","रु 91,999.00",,
Lenovo,IdeaPad Series,"Lenovo IdeaPad Slim 3 14IRH10 (13th Gen Intel Core i7 13620H Processor | 16GB RAM | 512GB SSD Storage | 14"" WUXGA (1920 x 1200) IPS Display | Metallic Grey | 1 Year Warranty)","रु 91,999.00",,
DELL,,"Dell Inspiron 15 3530 (Intel Core i5 - 1335U Processor | 8GB RAM | 512GB SSD | Intel UHD Graphics | 15.6"" FHD Display )","रु 91,999.00",,
HP,Victus,HP Victus 15-FB1013DX (AMD Ryzen 5 7535HS Processor| 8GB RAM | 512GB Storage | NVIDIA RTX 2050 Graphics | 15.6-inch FHD (1920 x 1080) 144Hz Display | 1 Year Warranty),"रु 92,000.00",,
Lenovo,Yoga Series,"2024's Lenovo Yoga 7 2-in-1 14AHP9 (AMD Ryzen 5 8640HS Processor | 8GB RAM | 512GB SSD | 14"" WUXGA (1920 x 1200) Multi-touch Display | Genuine Windows 11 Home)","रु 92,999.00",,
Lenovo,LOQ Series,"Lenovo LOQ 15IAX9E 2024 (Intel Core i5 12450HX Processor | 8GB RAM | 512GB SSD | RTX 2050 Graphics | 15.6"" FHD (1920 x 1080) 144Hz 100% sRGB IPS Display | 1 Year Warranty)","रु 92,999.00",,
ASUS,VivoBook,"ASUS VivoBook 14x M1405YA-LY098W (AMD Ryzen 7-7730U Processor| 8GB RAM | 512GB SSD | AMD Radeon Graphics | 14"" FHD WUXGA IPS Display | 2 Years Warranty)","रु 93,000.00",,
ASUS,VivoBook Series,"ASUS VivoBook 16 X1605VA-MB1652W (13th Gen Intel Core i5 13420H Processor | 16GB RAM | 512GB SSD | Intel Iris Xe Graphics | 16"" WUXGA (1920 x 1200) IPS Display | 2 Years Authorized Warranty & 1 Year ASUS Perfect Warranty | Backpack & Wired Mouse)","रु 93,499.00",,
Acer,Nitro 5 Series,"Acer Nitro 5 2024 Gaming Laptop (Intel Core i5 12450H Processor | 16GB RAM | 512GB SSD | 15.6"" FHD (1920 x 1080) 144Hz IPS Display | RTX 2050 4GB Graphics Card | Windows 11 Home | 4-Zone RGB Keyboard | 1 year Warranty)","रु 93,999.00",,
Dell,Inspiron Series,"Dell Inspiron 14 7445 2-in-1 Laptop (AMD Ryzen 5 8640HS Processor | 16GB RAM | 512GB SSD Storage | 14"" FHD+ (1920 x 1200) Touch IPS Display | AMD Radeon Graphics | Windows 11 | Fingerprint Reader | 2 Years Warranty)","रु 94,499.00",,
Acer,Aspire Series,Acer Aspire 5 15 (13th Gen Intel Core i5-13420H Processor | 8GB DDR4 RAM | 512GB SSD | NVIDIA GeForce RTX 2050 4GB Graphics Card | 15.6-inch FHD IPS Slim bezel Display | 1 Year Warranty),"रु 94,999.00",,
Dell,Gaming Series,Dell G15 5511 Gaming Laptop (Intel Core i5 11400H Processor | 16GB RAM | 512GB SSD | NVIDIA GeForce RTX 3050 4GB Graphics Card | 15.6-inch FHD (1920 x 1080) IPS 120Hz Display | 1 Year Authorized Warranty),"रु 94,999.00",,
HP,Pavilion Series,"HP Pavilion Plus 14T-EH100 (Intel Core i5 13500H Processor | 16GB RAM | 512GB SSD | 14"" 2.2K (2240 x 1400) IPS Display | Intel Graphics | Fingerprint Reader & Backlit Keyboard | Windows 11 Home | 1 Year Warranty)","रु 94,999.00",,
HP,Pavilion Series,"HP Pavilion 15-eh3047nr (AMD Ryzen 7 7730U Processor | 16GB RAM | 512GB Storage | 15.6"" FHD (1920 x 1080) IPS Display | Windows 11 Home | 1 Year Warranty)","रु 94,999.00",,
Dell,Vostro Series,"Dell Vostro 3530 (Intel Core i7 1355U Processor | 8GB RAM | 512GB SSD | Intel Graphics | 15.6"" FHD (1920 x 1080) IPS Display | 1 Year Warranty)","रु 94,999.00",,
DELL,,"Dell Inspiron 14 5430 (Intel Core i5 - 1335U Processor | 8GB RAM | 1TB SSD | Intel Iris Xe | Finger Print Reader|14"" FHD+ Display |Backlit Keyboard)","रु 95,000.00",,
Lenovo,ThinkBook Series,Lenovo ThinkBook 13S (11th Gen Intel Core i7-1135G7 Processor | 8GB RAM | 512GB SSD Storage | 13.3-inch WUXGA (1920 x 1200) IPS Display | Intel Iris Xe Graphics Card | 1 Year Warranty),"रु 95,000.00",,
HP,Envy Series,"2024's HP Envy x360 14-FA0013 (AMD Ryzen 5 8640HS Processor | 16GB RAM | 512GB SSD | 14"" WUXGA (1920 x 1200) IPS Display | Backlit Keyboard | 1 Year Warranty)","रु 95,000.00",,
DELL,INSPIRON,"Dell Inspiron 14 5435 ( Ryzen 5 - 7530U Processor | 8GB RAM | 256GB SSD | Radeon Graphics | 14"" FHD+ Display | Backlit Keyboard | Finger Print Reader)","रु 97,000.00",,
Lenovo,LOQ Series,Lenovo LOQ 15IAX9 Gaming Laptop (Intel Core i5 12450HX Processor | 12GB RAM | 512GB SSD | NVIDIA GeForce RTX 2050 Graphics | 15.6-inch FHD (1920 x 1080) IPS 144Hz Display | 1 Year Warranty),"रु 97,000.00",,
Apple,M4 Series,2024's Apple Mac Mini M4 (10 Core CPU | 10 Core GPU | 16 Core Neural Engine | 16GB Unified Memory | 256GB SSD Storage | Wi-Fi 6E & Bluetooth 5.3 | Genuine VAT Bill | 1 Year International Warranty),"रु 97,499.00",,
ACER,Nitro V 15,Acer Nitro V 15 2023 (AMD Ryzen 5 7535HS Processor | 16GB DDR5 RAM | 512GB SSD | NVIDIA RTX 3050 6GB Graphics Card | 15.6-inch FHD (1920 x 1080) 165Hz IPS Display | 1 Year Warranty),"रु 97,999.00",,
MSI,Modern Series,"MSI Modern 15 B12M (12th Gen Intel Core i7 1255U Processor | 16GB RAM | 512GB Storage | 15.6"" FHD (1920 x 1080) Display | Intel Iris Xe Graphics | Backlit Keyboard | 1 Year Warranty)","रु 98,999.00",,
ASUS,VIVOBOOK,Asus Vivobook X1502ZA - BQ864W (Intel Core i7-1255U | 16GB DDR4 RAM | 512GB SSD | lntel UHD Graphics | 15.6-inch FHD Display | Backpack ),"रु 99,999.00",,
MSI,GF63 Series,MSI Thin GF63 12UCX (12th Gen Intel Core i5-12450H Processor | 16GB DDR4 RAM | 512GB SSD | NVIDIA GeForce RTX 2050 4GB GDDR6 Graphics | 15.6-inc FHD IPS 144Hz Display | 2 Year Warranty),"रु 100,000.00",,
DELL,INSPIRON,"Dell Inspiron 15 3520 (Intel Core i7 - 1255U Processor | 8GB RAM | 512GB SSD | Intel UHD Graphics | 15.6"" FHD 120Hz Display)","रु 100,999.00",,
ASUS,TUF Gaming Series,ASUS TUF A15 FA506NFR (AMD Ryzen 7 7435HS Processor | 16GB RAM | 512GB SSD | NVIDIA GeForce RTX 2050 4GB Graphics Card | 15.6-inch FHD (1920 x 1080) IPS 144Hz Display),"रु 101,999.00",,
HP,Pavilion Series,"HP Pavilion 16 2024 (AMD Ryzen 7 8840U Processor | 8GB RAM | 512GB SSD Storage | 16"" WUXGA (1920 x 1200) IPS Display | AMD Radeon Graphics | Backlit Keyboard | Windows 11 Home | 1 Year Warranty)","रु 101,999.00",,
Acer,Swift Series,Acer Swift Go 14 2024 (Intel Core Ultra 5 125H Processor | 16GB RAM | 512GB SSD | Intel Arc Graphics | 14-inch WQXGA+ 2.8K IPS Display | AI Integrated | 1 Year Warranty),"रु 101,999.00",,
Acer,Aspire Series,"Acer Aspire 7 A715-79G Gaming Laptop (13th Generation Intel Core i5 13420H Processor | 16GB RAM | 512GB SSD | NVIDIA GeForce RTX 3050 6GB Graphics | 15.6"" FHD (1920 x 1080) 144Hz IPS Display | RGB Keyboard | 1 Year Warranty)","रु 102,999.00",,
MSI,Modern 15,"MSI Modern 15 B13M 2023 (Intel Core i5 - 1355U Processor | 8GB RAM | 512GB SSD | Intel Iris Xe Graphics |15.6"" FHD Display)","रु 103,000.00",,
ASUS,Zenbook UM3402YA,Asus Zenbook 14 UM3402YA-KP522W (AMD Ryzen 5 7530U Processor | 8GB RAM| 512GB SSD | AMD Radeon Graphics | 14.0-inch WQXGA 2.5k Resolution Display | 2 Years Warranty),"रु 103,000.00",,
Apple,Macbook Air,"[Authorized] Apple MacBook Air M1 Chip (13.3"" (2560 x 1600) Liquid Retina Display | 8GB Unified Memory | 256GB SSD | 8-core CPU | 7-core GPU | 2 Years Authorized Warranty | 1 Year Breakage Insurance | Space Gray)","रु 103,999.00",,
Lenovo,LOQ Gaming Series,"Lenovo LOQ 15AHP9 2024 (AMD Ryzen 5 8645HS Processor | 16GB RAM | 1TB SSD Storage | NVIDIA GeForce RTX 4050 6GB Graphics | 15.6"" FHD (1920 x 1080) 144Hz 100% sRGB IPS Display | Windows 11 Hone | 1 Year Warranty)","रु 104,999.00",,
HP,EliteBook Series,"HP EliteBook 645 G10 (AMD Ryzen 5 Pro 7530U Processor | 16GB RAM | 512GB SSD | AMD Radeon Graphics | 14"" FHD (1920 x 1080) IPS Display | Backlit Keyboard & Fingerprint Reader | Windows 11 Pro | 1 Year Warranty)","रु 104,999.00",,
ASUS,TUF Gaming Series,ASUS TUF A15 FA506 (AMD Ryzen 7 7435HS Processor | 16GB RAM | 512GB SSD | NVIDIA GeForce RTX 3050 4GB Graphics Card | 15.6-inch FHD (1920 x 1080) IPS 144Hz Display),"रु 104,999.00",,
DELL,,"Dell Inspiron 15 3530 (Intel Core i7 - 1355U Processor | 16GB RAM | 512GB SSD | Intel UHD Graphics | 15.6"" FHD Display )","रु 105,000.00",,
Hewlett-Packard (HP),Victus,HP Victus 15 2023 (Intel Core i5 - 13420H Processor|8GB RAM | 512GB Storage |NVIDIA RTX 3050 Graphics |15.6″ FHD 144Hz Display),"रु 105,499.00",,
Acer,Nitro V 15,Acer Nitro V 15 Gaming Laptop (AMD Ryzen 5 7535HS Processor | 16GB DDR5 RAM | 512GB SSD | NVIDIA RTX 4050 6GB Graphics Card | 15.6-inch FHD (1920 x 1080) 144Hz IPS Display | 1 Year Warranty),"रु 105,999.00",,
ASUS,TUF Series,ASUS TUF A15 FA506NF (AMD Ryzen 5 7535HS Processor | 16GB RAM | 512GB SSD | NVIDIA GeForce RTX 2050 4GB Graphics Card | 15.6-inch FHD (1920 x 1080) IPS 144Hz Display | 2 Years Authorized Warranty),"रु 106,000.00",,
ACER,Nitro V 15,Acer Nitro V 15 2023 (Intel Core i5 13420H Processor | 16GB DDR5 RAM | 512GB SSD | NVIDIA RTX 3050 6GB Graphics Card | 15.6-inch FHD (1920 x 1080) 144Hz IPS Display | 1 Year Warranty),"रु 106,999.00",,
Acer,Swift Series,Acer Swift Go 14 OLED 2024 (Intel Core Ultra 5 125H Processor | 16GB RAM | 512GB SSD | Intel Arc Graphics | 14-inch WQXGA+ 2.8K 90Hz OLED Display | AI Integrated | 2 Years Warranty | ),"रु 108,499.00",,
ASUS,TUF Series,ASUS TUF A15 FA507RF (AMD Ryzen 7 6800HS Processor | 16GB RAM | 512GB SSD | NVIDIA GeForce RTX 2050 4GB Graphics Card | 15.6-inch FHD (1920 x 1080) IPS 144Hz Display),"रु 109,499.00",,
Acer,Aspire Series,"Acer Aspire 5 A515-58M (13th Generation Intel Core i9 13900H Processor | 16GB RAM | 512GB SSD | 15.6"" FHD (1920 x 1080) Display | 1 Year Warranty | Genuine Windows 11 Home)","रु 109,499.00",,
ACER,Nitro V 15,"Acer Nitro V 15 Gaming Laptop (Intel Core i5 13420H Processor | 16GB RAM | 512GB SSD | NVIDIA RTX 4050 6GB Graphics | 15.6"" FHD (1920 x 1080) 144Hz Display)","रु 109,999.00",,
HP,Victus Gaming Series,"2024's HP Victus 15 (AMD Ryzen 5 8645HS Processor | 16GB RAM | 512GB SSD | NVIDIA GeForce RTX 4050 6GB Graphics Card | 15.6"" FHD (1920 x 1080) 144Hz IPS Display | 1 Year Warranty | AI-Integrated Laptop)","रु 110,000.00",,
Acer,Swift Series,Acer Swift Go 14 2024 (Intel Core Ultra 7 155H Processor | 16GB RAM | 1TB SSD | Intel Arc Graphics | 14-inch WUXGA (1920 x 1200) Touch IPS Display | AI Integrated | 1 Year Warranty),"रु 111,999.00",,
Hewlett-Packard (HP),Victus,HP Victus 15 2023 (Intel Core i5 13420H Processor | 16GB RAM | 512GB Storage | NVIDIA RTX 4050 Graphics | 15.6″ FHD 144Hz Display | 1 Year Warranty),"रु 112,000.00",,
ASUS,VivoBook,"ASUS VivoBook 14 X1404VA-EB244W (Intel i7-1355U Processor| 16GB RAM | 512GB SSD | Intel Iris Xe | 14"" FHD Display | 2 Years Warranty)","रु 112,000.00",,
MSI,Cyborg Series,MSI Cyborg 15 A12UCX (12th Gen i5-12450H Processor | 16GB DDR5 RAM | 512GB SSD | NVIDIA GeForce RTX 2050 4GB Graphics Card | 15.6-inch FHD IPS 144Hz Display | 2 Year Warranty),"रु 112,000.00",,
ACER,Nitro V Series,"Acer Nitro V 15 (13th Generation Intel Core i7 13620H Processor | 16GB RAM | 512GB SSD | 15.6"" FHD (1920 x 1080) 144Hz IPS Display | RTX 2050 4GB Graphics | 1 Year Warranty | Freebies Included)","रु 112,999.00",,
Acer,Swift Series,Acer Swift Go 14 OLED 2024 (Intel Core Ultra 5 125H Processor | 16GB RAM | 1TB SSD | Intel Arc Graphics | 14-inch WQXGA+ 2.8K 90Hz OLED Display | AI Integrated | 1 Year Warranty),"रु 112,999.00",,
Lenovo,Yoga Series,"Lenovo Yoga 7 2-in-1 16IML9 (14th Generation Intel Core Ultra 5 125U Processor | 16GB RAM | 512GB SSD Storage | Integrated Intel Graphics | 16"" WUXGA (1920 x 1200) Multi-Touch IPS Display | Backlit Keyboard | 1 Year Warranty)","रु 112,999.00",,
Dell,Inspiron Series,"Dell Inspiron 14 7445 2-in-1 Laptop (AMD Ryzen 7 8840HS Processor | 16GB RAM | 1TB SSD Storage | 14"" FHD+ (1920 x 1200) Touch IPS Display | AMD Radeon Graphics | Windows 11 | Fingerprint Reader | 1 Year Warranty)","रु 113,999.00",,
Dell,Inspiron Series,"Dell Inspiron 16 5645 (AMD Ryzen 7 8840U Processor | 16GB RAM | 1TB SSD Storage | AMD Radeon Graphics | 16"" FHD+ (1920 x 1200) Touch IPS Display | Backlit Keyboard | Fingerprint Reader | 1 Year Warranty)","रु 113,999.00",,
Dell,Gaming Series,Dell G15 5520 Gaming Laptop (Intel Core i5 12500H Processor | 16GB RAM | 512GB SSD | NVIDIA GeForce RTX 3050 4GB Graphics Card | 15.6-inch FHD (1920 x 1080) IPS 120Hz Display | 2 Years Authorized Warranty),"रु 114,999.00",,
Apple,,"Apple 2024 Mac Mini Desktop Computer (M2 chip, 8GB Unified Memory, 512GB SSD Storage) | 1 year authorized warranty","रु 114,999.00",,
Lenovo,LOQ Series,Lenovo LOQ 15IAX9 Gaming Laptop (Intel Core i5 12450HX Processor | 24GB RAM | 512GB SSD | NVIDIA GeForce RTX 4050 Graphics | 15.6-inch FHD (1920 x 1080) IPS Display | 1 Year Warranty),"रु 114,999.00",,
ASUS,VivoBook Series,ASUS VivoBook Flip S 14 (13th Gen Intel Core i5 13500H Processor | 8GB RAM | 512GB SSD | 14-inch WUXGA (1920 x 1200) Touchscreen Display | Intel UHD Graphics | 2 Years Authorized Warranty),"रु 115,000.00",,
ASUS,VivoBook Series,ASUS VivoBook 15 X1502V (Intel Core i7 13700H Processor | 16GB DDR4 RAM | 1TB NVMe SSD | Intel Iris Xe Graphics | 15.6-inch FHD (1920 x 1080) IPS Display | 2 Year Authorized Warranty),"रु 115,000.00",,
Dell,Inspiron Series,"Dell Inspiron 7440 2-in-1 Laptop (14th Generation Intel Core 7 150U Processor | 16GB RAM | 1TB SSD Storage | Intel Graphics | 14"" FHD+ (1920 x 1200) Touch IPS Display | Windows 11 | 1 Year Warranty)","रु 115,999.00",,
Lenovo,LOQ Series,"Lenovo LOQ 15IRX9 (Intel Core i5 13450HX Processor | 16GB RAM |512GB SSD | NVIDIA GeForce RTX 3050 6GB Graphics Card | 15.6"" FHD (1920 x 1080) 100% sRGB 144Hz IPS Display | 1 Year Warranty)","रु 117,999.00",,
ASUS,TUF Series,ASUS TUF Gaming F15 (Intel® Core™ i7-11800H Processor | 16GB DDR4 RAM | 512GB NVme SSD | NVIDIA® GeForce RTX™ 2050 4GB Laptop GPU | 15.6-inch FHD (1920 x 1080) 144Hz Display | 2 Years Warranty | Windows 11 Home),"रु 118,000.00",,
Lenovo,LOQ Series,Lenovo LOQ 15IRH8 Gaming Laptop (13th Gen Intel Core i5-13420H Processor | 16GB RAM | 1TB SSD | NVIDIA RTX 3050 6GB Graphics Card | 15.6-inch FHD (1920 x 1080) 144Hz Display | Windows 11 Home),"रु 118,000.00",,
HP,Envy x360,HP Envy x360 14 2024 (14th Generation Intel® Core™ 7 150U Processor | 16GB RAM | 512GB SSD | 14-inch FHD (1920 x 1080) Multi-touch Display | Integrated Intel Iris Xe Graphics | 2-in-1 Laptop | 1 Year Warranty),"रु 119,999.00",,
HP,Vicuts Series,HP Victus 16 Gaming Laptop (AMD Ryzen 7 6800H Processor | 8GB DDR5 RAM | 512GB NVMe SSD | NVIDIA GeForce RTX 3050 4GB Graphics Card | 16-inch FHD IPS 144Hz Display | Windows 11 Home | 1 Year Warranty),"रु 120,000.00",,
Acer,Swift Series,Acer Swift X 14 2024 (Intel Core Ultra 5 125H Processor | 16GB RAM | 512GB SSD | RTX 3050 6GB Graphics | 14.5 inch WQXGA (2560 x 1600) 120Hz 100% sRGB IPS Display | AI Integrated),"रु 121,499.00",,
Lenovo,Yoga Series,"[AI PC] Lenovo Yoga 7 2-in-1 14AHP9 (AMD Ryzen 7 8840HS Processor | 16GB RAM | 1TB SSD | AMD Radeon 780M | 14"" WUXGA (1920 x 1200) Multi-touch Display | Genuine Windows 11 Home)","रु 121,999.00",,
ACER,Nitro Series,Acer Nitro V 15 (13th Gen Intel Core i7-13620H Processor | 16GB DDR5 RAM | 512GB SSD | 15.6-inch FHD (1920 x 1080p) 165Hz IPS Display | NVIDIA RTX 3050 6GB Graphics Card | 1 Year Warranty),"रु 122,499.00",,
Lenovo,IdeaPad 5,"Lenovo IdeaPad 5 2-in-1 14AHP9 (AMD Ryzen 7 8845HS Processor | 16GB RAM | 1TB SSD Storage | 14"" WUXGA (1920 x 1200) 2-in-1 IPS Display | Windows 11 | Backlit Keyboard & Fingerprint Reader | 1-Year Warranty)","रु 122,999.00",,
Acer,Nitro V Series,Acer Nitro V 16 2024 Gaming Laptop (AMD Ryzen 5 8645HS Processor | 8GB RAM | 512GB SSD | NVIDIA GeForce RTX 4050 6GB Graphics Card | 16-inch WUXGA (1920 x 1200) IPS 165Hz Display | 2024 AI-integrated Gaming Laptop),"रु 123,000.00",,
DELL,INSPIRON,"Dell Inspiron 14 5420 (Intel Core i5 1235U Processor | 8GB RAM | 512GB RAM | Intel UHD Graphics | 14"" FHD+ Display)","रु 124,000.00",,
HP,Envy x360,"[Ai-Laptop] HP Envy x360 2-in-1 Laptop (AMD Ryzen 7 8840HS Processor | 16GB RAM | 1TB SSD | AMD Radeon Graphics | 14"" WUXGA (1920 x 1200) Multi-touch IPS Display | Genuine Windows 11 | 1 Year Warranty)","रु 124,999.00",,
Acer,Swift Series,Acer Swift Go 14 OLED 2024 (Intel Ultra 7 155H Processor | 16GB RAM | 512GB SSD | Intel Arc Graphics | 14-inch 2.8K (2880 x 1800) OLED Display | 1 Year Warranty),"रु 124,999.00",,
Apple,,Apple iPad Pro 2022 M2 Chip (8GB | 128GB | 8-core CPU | 10-core GPU | 11-inch Liquid Retina Multi‑Touch Display),"रु 171,999.00",,
Hewlett-Packard (HP),Victus,"HP Victus 15 (AMD Ryzen 7 - 5800H Processor | 16 GB RAM | 512 GB SSD | NVIDIA RTX 3050Ti Graphics | 15.6"" FHD 144Hz Display)","रु 125,000.00",,
ASUS,Vivobook K3405V,"Asus Vivobook 14x K3405V ( Intel i7 - 13700H Processor | 16GB RAM | 512GB SSD |Intel Iris Xᵉ Graphics| 14"" WUXGA Display )","रु 126,000.00",,
Acer,Nitro V 15 Series,Acer Nitro V 15 (13th Gen Intel Core i5 13420H Processor | 16GB RAM | 512GB SSD | NVIDIA GeForce RTX 4060 8GB Graphics Card | 15.6-inch FHD (1920 x 1080) 144Hz IPS Display | 1 Year Warranty),"रु 126,999.00",,
Apple,,"Apple Macbook Air 2022 M2 Chip (13.6"" Liquid Retina Display | 8GB Unified Memory | 256GB SSD Storage | 8-Core CPU | 8-Core GPU | 1 Year Apple International Warranty)","रु 126,999.00",,
Acer,,"Acer Nitro 5 Gaming Laptop AN515-47 2023 (AMD Ryzen 7 - 7735HS Processor | 8GB RAM | 512GB SSD | NVIDIA RTX 3050 Graphics | 15.6"" FHD 144Hz Display)","रु 127,000.00",,
MSI,Modern 15,"MSI Modern 15 B13M 2023 (Intel Core i7 - 1355U Processor | 16GB RAM | 512GB SSD | Intel Iris Xe Graphics |15.6"" FHD Display)","रु 129,000.00",,
Apple,M4 Series,2024's Apple Mac Mini M4 (10 Core CPU | 10 Core GPU | 16 Core Neural Engine | 16GB Unified Memory | 512GB SSD Storage | Wi-Fi 6E & Bluetooth 5.3 | Genuine VAT Bill | 1 Year International Warranty),"रु 129,499.00",,
ASUS,,"[AI-Integrated + Copilot] Asus VivoBook S 14 OLED M5406NA (AMD Ryzen 5 7535HS Processor | 16GB RAM | 1TB SSD | AMD Radeon™ Graphics | 14"" 3K (2880 x 1620) 120Hz OLED Display | 2 Years Authorized Warranty)","रु 129,999.00",,
Lenovo,LOQ Series,"Lenovo LOQ 15IRX9 (13th Generation Intel Core i7 13650HX Processor | 16GB RAM | 1TB SSD | NVIDIA GeForce RTX 3050 6GB Graphics | 15.6"" FHD (1920 x 1080) IPS Display | Genuine Windows 11)","रु 129,999.00",,
Acer,Nitro V Series,2024's Acer Nitro V 16 (AMD Ryzen 7 8845HS Processor | 16GB RAM | 512GB SSD | NVIDIA GeForce RTX 3050 6GB Graphics Card | 16-inch WUXGA (1920 x 1200) IPS 165Hz Display | AI-integrated | 1 Year Warranty),"रु 129,999.00",,
Hewlett-Packard (HP),Envy,"HP Envy x360 13M-BD0033 (Intel Core i7 - 1250U Processor | 8GB RAM | 512GB SSD | Intel Iris Xe Graphics | 13.3"" FHD 360 Touchscreen)","रु 130,000.00",,
ACER,Nitro 5,"Acer Nitro 5 (12th Gen Intel Core i7-12650H Processor| 16 GB RAM | 512 GB SSD | NVIDIA GeForce RTX 3050 Graphics | 15.6"" FHD 144hz Display )","रु 130,000.00",,
ACER,Nitro Series,Acer Nitro V 15 2023 (13th Gen Intel Core i7-13620H Processor | 16GB DDR5 RAM | 512GB M.2 SSD | 15.6-inch FHD (1920 x 1080p) IPS 144Hz Slim-Bezel Display | NVIDIA RTX 4050 6GB Graphics Card | 1 Year Warranty),"रु 132,999.00",,
Acer,Nitro V Series,Acer Nitro V 16 2024 Gaming Laptop (AMD Ryzen 7 8845HS Processor | 16GB RAM | 512GB SSD | NVIDIA GeForce RTX 4050 6GB Graphics Card | 16-inch WUXGA (1920 x 1200) IPS 165Hz Display | 2024 AI-integrated Gaming Laptop),"रु 134,499.00",,
Lenovo,Gaming Laptop Series,Lenovo LOQ 15AHP8 Gaming Laptop (AMD Ryzen 7 7840HS Processor | 16GB DDR5 RAM | 512GB Gen4 SSD | NVIDIA GeForce RTX 4050 6GB Graphics | 15.6-inch FHD (1920 x 1080) IPS 144Hz Display | Windows 11 Home | 1 Year Warranty),"रु 134,999.00",,
ACER,Nitro 5,"Acer Nitro 5 (12th Gen Intel Core i5 12450H Processor | 16GB RAM | 512GB SSD | NVIDIA RTX 4060 8GB Graphics Card | 15.6"" FHD 144Hz Display)","रु 135,000.00",,
DELL,,"Dell Inspiron 15 3530 (Intel Core i7 - 1335U Processor | 16GB RAM | 512GB SSD | NVIDIA MX550 2GB | Finger Print Reader|15.6"" FHD Display |Backlit Keyboard )","रु 137,000.00",,
ASUS,Zenbook UM3402YA,Asus Zenbook 14 UM3402YA-KP475W (AMD Ryzen 7 7730U | 16GB RAM | 1TB SSD | AMD Radeon Graphics | 14.0-inch WQXGA 2.5K Resolution Display | 2 Years Warranty),"रु 137,000.00",,
LENOVO,ThinkPad E14,"Lenovo ThinkPad E14 Gen 2 (AMD Ryzen 7 - 5825U Processor | 16GB RAM | 512GB SSD | AMD Radeon Graphics | 14"" FHD Display)","रु 139,000.00",,
Acer,Nitro Series,Acer Nitro 16 2024 Gaming Laptop (13th Gen Intel Core i7 13620H Processor | 16GB RAM | 512GB SSD | NVIDIA GeForce RTX 4050 6GB Graphics | 16-inch WUXGA (1920 x 1200) 165Hz Display | 4-Zone RGB Keyboard | 1 Year Warranty),"रु 139,999.00",,
Lenovo,LOQ Series,Lenovo LOQ 15ARP9 (AMD Ryzen 7 7435HS Processor | 16GB RAM | 512GB SSD | NVIDIA GeForce RTX 4060 8GB Graphics Card | 15.6-inch FHD (1920 x 1080) 144Hz Display | 1 Year Warranty),"रु 139,999.00",,
Hewlett-Packard (HP),Omen,"HP Omen 16 - C0011DX (AMD Ryzen 7 - 5800H Processor | 16GB RAM | 512GB SSD |NVIDIA RTX 3050Ti Graphics | 16.1"" FHD 144Hz Display)","रु 140,000.00",,
Acer,Nitro V 15 Series,Acer Nitro V 15 Gaming Laptop (13th Gen Intel Core i7 13620H Processor | 16GB RAM | 512GB SSD | NVIDIA GeForce RTX 4060 8GB Graphics Card | 15.6-inch FHD (1920 x 1080) 144Hz IPS Display | Freebies Included),"रु 141,999.00",,
DELL,,"Dell Inspiron 14 7430 (Intel Core i7 - 1355U Processor | 16GB DDR5 RAM | 1TB SSD | Fingerprint Scanner | Intel Iris Xe Graphics Card| 14"" FHD Touchscreen 2 in 1 Display | Backlit Keyboard)","रु 142,000.00",,
ASUS, TP3402-lZ26W (2-in-1),"ASUS Vivobook S 14 Flip Oled TP3402-lZ26W 2023 (Intel Core i7-12700H Processor | 16GB RAM | 1TB SSD | Intel Iris Xe | WUXGA 14"" | 2-in-1 | Active Stylus |Backlit KB | Magic NumPad)","रु 142,999.00",,
Acer,Nitro V 15,Acer Nitro V 15 ANV15-41 (AMD Ryzen 7 7735HS Processor | 16GB RAM | 1TB SSD | NVIDIA GeForce RTX 4060 8GB Graphics Card | 15.6-inch FHD (1920 x 1080) IPS 144Hz Display | Obsidian Black),"रु 143,999.00",,
Dell,Latitude Series,"Dell Latitude 5440 (13th Generation Intel Core i7 1365U Processor | 16GB RAM | 512GB SSD | 14"" FHD (1920 x 1080) Touch IPS Display | Intel Integrated Graphics | 1 year Warranty)","रु 144,999.00",,
Hewlett-Packard (HP),Victus,"HP Victus 15 - FA0354TX (Intel Core i7 - 12700H Processor | 16GB RAM | 512GB SSD | NVIDIA RTX 3050Ti Graphics | 15.6"" FHD 144Hz Display)","रु 145,000.00",,
Asus,,"Asus TUF Dash F15 2022 FX517ZM (Intel Core i5 - 12450H Processor | 16GB RAM | 512GB SSD | NVIDIA RTX 3060 Graphics | 15.6"" FHD 144Hz Display)","रु 145,000.00",,
Apple,,Apple iPad Pro 2022 M2 Chip (8GB | 256GB | 8-core CPU | 10-core GPU | 11-inch Liquid Retina Display),"रु 171,999.00",,
Apple,MacBook Air,"MacBook Air M3 Chipset (13"" (2560 x 1664) Liquid Retina Display | 8GB Memory | 256GB Storage | 8-Core CPU & 8-Core GPU | MacOS | 1 Year Warranty)","रु 146,499.00",,
Dell,Gaming Series,Dell G15 Gaming Laptop (AMD Ryzen 7 7840HS Processor | 16GB RAM | 512GB SSD | NVIDIA GeForce RTX 4060 8GB Graphics Card | 15.6-inch FHD (1920 x 1080) 165Hz Display | 1 Year Warranty),"रु 148,999.00",,
Dell,XPS Series,"Dell XPS 13 9315 (12th Gen Intel Core i7 1250U | 16GB RAM | 512GB SSD | Intel Iris Xe Graphics | 13.4"" FHD+ (1920 x 1200) Display | 1 Year Warranty)","रु 149,999.00",,
Gigabyte ,,"Gigabyte G5 MD ( Intel Core i5 - 11400H | 16GB RAM | 512 GB SSD NVIDIA RTX 3050Ti 4GB | 15.6"" FHD IPS Display)","रु 150,000.00",,
ASUS,ZenBook Series,[AI-Integrated] ASUS ZenBook 14 OLED UM3406H (AMD Ryzen 7 8840HS Processor | 16GB RAM | 512GB SSD | AMD Radeon™ Graphics | 14-inch 3K (2880 x 1800) 120Hz OLED Display | 2 Years ASUS Authorized Warranty),"रु 150,999.00",,
Acer,,"Acer Predator Helios 300 (Intel Core i7 - 11800H Processor | 16GB RAM | 1TB SSD | NVIDIA RTX 3060 Graphics| 15.6"" WQHD 165Hz Display)","रु 151,000.00",,
Acer,Predator Series,Acer Predator Helios Neo 16 (Intel Core i5 13500HX Processor | 16GB RAM | 512GB SSD | NVIDIA GeForce RTX 4050 6GB Graphics Card | 16-inch WUXGA (1920 x 1200) IPS 165Hz Display | 4-Zone RGB Keyboard),"रु 151,000.00",,
Acer,,"Acer Nitro 5 (AMD Ryzen 7 - 5800H Processor | 16GB RAM | 512GB SSD | NVIDIA RTX 3060 Graphics | 15.6"" FHD 144hz Display)","रु 152,000.00",,
Apple,,"Apple Macbook Air M2 2024 (13.6"" Liquid Retina Display | 16GB Unified Memory | 256GB SSD Storage | 8-Core CPU | 8-Core GPU | 1 Year Warranty)","रु 152,000.00",,
Acer,Nitro V Series,[2024 Model] Acer Nitro V 16 (AMD Ryzen 7 8845HS Processor | 16GB RAM | 512GB SSD | NVIDIA GeForce RTX 4060 8GB Graphics Card | 16-inch WUXGA (1920 x 1200) IPS 165Hz Display | AI-integrated | 1 Year Warranty),"रु 152,999.00",,
ACER,Nitro 5,"Acer Nitro 5 2022 (Intel Core i7 - 12700H Processor | 16GB RAM | 512GB SSD | NVIDIA RTX 3060 Graphics | 15.6"" FHD 144Hz Display)","रु 153,000.00",,
ACER,Nitro 5,"Acer Nitro 5 AN515-58 (Intel Core i7 - 12650H Processor | 16GB RAM | 512GB SSD | NVIDIA RTX 4050 Graphics | 15.6"" FHD 144Hz Display)","रु 154,000.00",,
HP,EliteBook Series,"HP EliteBook 645 G11 (AMD Ryzen 7 7735U Processor | 32GB RAM | 1TB SSD | AMD Radeon Graphics | 14"" WUXGA (1920 x 1200) IPS Display | Backlit Keyboard & Fingerprint Reader | Windows 11 Pro | 2 Years Warranty)","रु 154,999.00",,
Acer,Nitro V 15,Acer Nitro V 15 (13th Generation Intel Core i9 13900H Processor | 16GB RAM | 512GB SSD | NVIDIA GeForce RTX 4050 6GB Graphics Card | 15.6-inch FHD (1920 x 1080) 144Hz Display | 1 Year Warranty),"रु 154,999.00",,
Lenovo,LOQ Series,Lenovo LOQ 15ARP9 (AMD Ryzen 7 7435HS Processor | 24GB RAM | 1TB SSD | NVIDIA GeForce RTX 4060 8GB Graphics Card | 15.6-inch FHD (1920 x 1080) 144Hz Display | 1 Year Warranty),"रु 154,999.00",,
Lenovo,Gaming Laptop Series,Lenovo LOQ Gaming Laptop (AMD Ryzen 7 7840HS Processor | 16GB DDR5 RAM | 512GB Gen4 SSD | RTX 4050 6GB GDDR6 Graphics | 15.6-inch FHD (1920 x 1080) IPS 165Hz Display | Windows 11 Home | 2 Year Warranty),"रु 155,000.00",,
Apple,MacBook Air M1 Chipset,Apple MacBook Air (MacBook Air M1 Chipset | 16GB Unified Memory | 256GB SSD Storage | 13.3-inch LED-backlit Display | MacOS | Backlit Magic Keyboard | 1 Year Global Warranty),"रु 155,000.00",,
LENOVO,ThinkPad L14,"Lenovo ThinkPad L14 Gen 2 (Intel Core i7 - 1165G7 Processor | 16GB RAM | 512GB SSD | Intel Iris Xe Graphics | 14"" FHD Display)","रु 155,000.00",,
Acer,Gaming Series,Acer Predator Triton 300 SE (12th Gen Intel Core i7 12700H Processor | 16GB RAM | 512GB SSD | NVIDIA GeForce RTX 3060 6GB GDDR6 Graphics | 14-inch WUXGA (1920 x 1200) 165Hz Display | Fingerprint Reader | 1 Year Warranty),"रु 155,000.00",,
Acer,Swift Series,"[2024] Acer Swift Go 16 OLED (Intel Core Ultra 7 155H Processor | 16GB RAM | 1TB SSD | 16-inch 3.2K (WQXGA+, 3200 x 2000) OLED 120Hz Display | Intel Arc Graphics | 2 Years Warranty | AI-integrated)","रु 155,999.00",,
Acer,Nitro Series,Acer Nitro 16 Gaming Laptop (AMD Ryzen 7 8845HS Processor | 16GB RAM | 512GB SSD | NVIDIA GeForce RTX 4060 8GB Graphics | 16-inch WUXGA (1920 x 1200) 165Hz IPS Display | 4-Zone RGB Keyboard | 1 Year Warranty),"रु 156,999.00",16GB DDR5 RAM,512GB PCIe NVMe M.2 SSD
Asus,,"Asus ROG Strix G15 2022 G513RC (AMD Ryzen 7 6800H Processor | 16GB RAM | 512GB SSD | NVIDIA RTX 3050 Graphics | 15.6"" FHD 144Hz Display)","रु 157,000.00",,
Acer,Nitro Series,"Acer Nitro 5 AN515-58-97QP Gaming Laptop (Intel Core i9 12900H Processor | 16GB RAM | 512GB SSD | NVIDIA GeForce RTX 4060 8GB Graphics Card | 15.6"" FHD 144Hz Display)","रु 157,000.00",,
Acer,Nitro Series,Acer Nitro 16 (AMD Ryzen 7 7840H Processor | 16GB RAM | 512GB SSD | NVIDIA GeForce RTX 4060 8GB Graphics Card | 16-inch WUXGA (1920 x 1200) IPS 165Hz Display | 4-Zone RGB Keyboard),"रु 157,000.00",,
Apple,MacBook Air,"MacBook Air M3 2024 (13.6"" (2560 x 1664) Liquid Retina Display | 16GB Memory | 256GB Storage | 8-core GPU, 8-core CPU | 16-core Neural Engine | MagSafe 3 Charging | Wi-Fi 6E & BT 5.3 | MacOS | 1 Year Warranty)","रु 158,999.00",,
Asus,,"ASUS TUF Gaming A15 FA507 (AMD Ryzen 7 7435HS Processor | 16GB RAM | 512GB SSD | NVIDIA RTX 4050 6GB Graphics Card | 15.6"" FHD 144Hz Display)","रु 159,999.00",,
MSI,KATANA,"MSI Katana 15 B13VFK (13th Generation Intel Core i7 13620H Processor | 16GB RAM | 1TB SSD | NVIDIA RTX 4060 8GB Graphics | 15.6"" FHD (1920 x 1080) 144Hz Display)","रु 159,999.00",,
Lenovo,LOQ Series,Lenovo LOQ 15ARP9 (AMD Ryzen 7 7435HS Processor | 16GB RAM | 512GB SSD | NVIDIA GeForce RTX 4070 8GB Graphics Card | 15.6-inch FHD (1920 x 1080) 144Hz Display | 1 Year Warranty),"रु 159,999.00",,
,,"[New] Lenovo Legion 5 15ARP8 (AMD Ryzen 7 7735HS Processor | 16GB RAM | 512GB SSD | NVIDIA GeForce RTX 4060 8GB Graphics Card | 15.6"" WQHD (2560 x 1440) 165Hz Display | 1 Year Warranty | Backlit Keyboard)","रु 159,999.00",,
Lenovo,LOQ Series,"Lenovo LOQ 15IRX9 (13th Generation Intel Core i7 13650HX Processor | 24GB RAM | 512GB SSD | NVIDIA GeForce RTX 4050 6GB Graphics | 15.6"" FHD (1920 x 1080) 144Hz 100% sRGB IPS Display | 1 Year Warranty)","रु 159,999.00",,
ACER,Nitro 5,"Acer Nitro 5 AN515 2023 (Intel Core i7 - 12650H Processor | 16GB RAM | 512GB SSD | NVIDIA RTX 4060 8GB Graphics | 15.6"" FHD 144Hz Display)","रु 159,999.00",,
ACER,Nitro,"Acer Nitro 5 (Intel Core i9 - 11900H Processor | 16GB RAM | 512GB SSD | NVIDIA RTX 3060 Graphics | 15.6"" FHD 144Hz Display)","रु 160,000.00",,
Hewlett-Packard (HP),Omen ,"HP Omen 16 - N0023DX 2022 (AMD Ryzen 7 - 6800H Processor | 16GB RAM | 512GB SSD | NVIDIA RTX 3060 Graphics | 16.1"" FHD 144Hz Display)","रु 160,000.00",,
Acer,Triton Series,"Acer Predator Triton 14 (Intel Core i7 13700H Processor | 16GB RAM | 512GB SSD | NVIDIA GeForce RTX 4050 Graphics | 14"" WUXGA 165Hz Display | 1 Year Warranty)","रु 160,000.00",,
HP,Victus Series,"HP Victus 16 Gaming Laptop, 16-S1024DX (AMD Ryzen 7 8845HS Processor | 16GB RAM | 512GB SSD | NVIDIA GeForce RTX 4070 8GB Graphics Card | 16"" FHD (1920 x 1080) 144Hz IPS Display | 1 Year Warranty)","रु 161,999.00",,
ASUS,VivoBook Series,ASUS VivoBook Flip 14 TP3402VA-LZ248W (13th Gen Intel Core i9 13900H Processor | 16GB DDR4 RAM | 1TB NVMe M.2 Gen4 SSD | Intel Iris Xe Graphics Card | 14-inch WUXGA (1920 x 1200) Display | 2 Years Authorized Warranty & 1 Year Asus Perfect Warranty),"रु 161,999.00",,
Acer,Predator Series,[2023] Acer Predator Helios Neo 16 (Intel Core i5 13500HX Processor | 16GB RAM | 1TB SSD | NVIDIA GeForce RTX 4060 8GB Graphics Card | 16-inch WUXGA (1920 x 1200) IPS 165Hz Display | 4-Zone RGB Keyboard),"रु 162,000.00",,
Lenovo,LOQ Series,"Lenovo LOQ 15IRX9 (13th Generation Intel Core i7 13650HX Processor | 16GB RAM | 512GB SSD | NVIDIA GeForce RTX 4060 8GB Graphics | 15.6"" FHD (1920 x 1080) 144Hz 100% sRGB IPS Display | Windows 11 Home | 1 Year Warranty)","रु 162,999.00",,
ASUS,ZenBook Series,ASUS ZenBook 14 OLED (Intel® Core™ Ultra 7 Processor | 16GB LPDDR5X RAM | 1TB NVMe SSD | 14-inch FHD (1920 x 1200) OLED Display | Intel® Arc™ Graphics | Ponder Blue Color | Backlit Chiclet Keyboard | 2 Years Authorized Warranty),"रु 164,999.00",,
Lenovo,Slim 7 Series,"Lenovo Slim 7 14IMH9 (14th Gen Intel Core Ultra 7 155H Processor | 32GB RAM | 1TB SSD | 14"" WUXGA (1920 x 1200) 100% DCI-P3 Touch OLED Display | Intel Arc Graphics | Backlit Keyboard | 1 Year Warranty)","रु 164,999.00",,
Apple,M4 Series,2024's Apple Mac Mini M4 (10 Core CPU | 10 Core GPU | 16 Core Neural Engine | 24GB Unified Memory | 512GB SSD Storage | Wi-Fi 6E & Bluetooth 5.3 | Genuine VAT Bill | 1 Year International Warranty),"रु 164,999.00",,
Asus,,"ASUS TUF Dash F15 2022 (Intel Core i7 - 12650H Processor | 16GB RAM | 512GB SSD | NVIDIA RTX 3050 Graphics | 15.6"" FHD 144Hz Display)","रु 166,000.00",,
Apple,,Apple Macbook Air 2022 M2 Chip (13.6 inch | 8GB RAM | 512GB SSD | 8core CPU | 10core GPU | 1 Year Warranty),"रु 166,999.00",,
MSI,GL,"MSI Pulse GL66 11UCK (Intel Core i7 - 11800H Processor | 16GB RAM | 512GB SSD | NVIDIA RTX 3050 Graphics | 15.6"" FHD Display)","रु 167,000.00",,
ASUS,TUF Gaming A15,ASUS TUF Gaming A15 FA507NVR (AMD Ryzen 7 7435HS Processor | 16GB RAM | 1TB SSD | NVIDIA GeForce RTX 4060 8GB Graphics | 15.6-inch FHD (1920 x 1080) 144Hz Display | 2 Years Authorized Warranty),"रु 169,999.00",,
Lenovo,LOQ Gaming Series,"Lenovo LOQ 15AHP9 2024 (AMD Ryzen 7 8845HS Processor | 16GB RAM | 1TB SSD Storage | NVIDIA GeForce RTX 4060 8GB Graphics | 15.6"" FHD (1920 x 1080) 144Hz 100% sRGB IPS Display | 1 Year Warranty)","रु 169,999.00",,
Apple,,Apple Macbook Pro 2020 M1 Chip (13.3 inch Display | 8GB RAM | 256GB SSD | 8-core CPU | 8-core GPU ),"रु 170,000.00",,
Acer,,"Acer Predator Helios Neo 16 2023 (Intel Core i7 - 13700HX Processor | 16GB RAM | 1TB SSD | NVIDIA RTX 4050 Graphics | 16"" WUXGA 165Hz Display | Windows 11 Home | 2 Years Authorized Warranty)","रु 172,000.00",,
ASUS,TUF Series,"[2024] ASUS TUF Gaming F15 (FX507VU) Intel® Core™ i7-13620H Processor | 16GB DDR5 | 512GB Gen 4 SSD | RTX4050 6GB Graphics | 15.6"" FHD (1920 x 1080) IPS Level 144Hz Display","रु 172,999.00",,
DELL,,"Dell Inspiron G15 5520 (Intel Core i7 - 12700H | 16GB RAM | 512GB SSD | NVIDIA RTX 3050Ti Graphics | 15.6"" FHD 120Hz Display)","रु 173,000.00",,
Lenovo,Legion Series,Lenovo Legion Slim 5 16IRH8 (13th Generation Intel Core i7 13700H Processor | 16GB RAM | 512GB SSD | NVIDIA GeForce RTX 4050 Graphics | 16-inch WUXGA (1920 x 1200) 165Hz Display | 1 Year Warranty),"रु 173,500.00",,
DELL,,"Dell Inspiron G15 5530 (Intel Core i7 - 13650HX Processor | 16GB RAM | 512GB SSD | NVIDIA RTX 4060 8GB GDDR6 Graphics | 15.6"" FHD (1920 x 1080) 165 Hz Display | RGB Backlit Keyboard)","रु 173,999.00",,
MSI,Cyborg Series,MSI Cyborg 15 AV13VF (13th Gen Intel Core i7-13620H Processor | 16GB DDR5 RAM | 512GB SSD | Dedicated NVIDIA GeForce RTX 4060 8GB Graphics Card | 15.6-inch FHD 144Hz Display),"रु 174,000.00",,
Hewlett-Packard (HP),Omen,"HP Omen 16 - B0005DX (Intel Core i7 - 11800H Processor | 16GB RAM | 1TB SSD | NVIDIA RTX 3070 Graphics | 16.1"" QHD 165Hz Display)","रु 174,999.00",,
MSI,Summit Series,"MSI Summit E13 AI Evo A1MTG (Intel Core Ultra 7 155H Processor | 16GB RAM | 1TB SSD Storage | 13.3"" FHD+ (1920 x 1200) Touch IPS Display | Backlit Keyboard | Windows 11 | 1 Year Warranty)","रु 174,999.00",,
Acer,Predator Series,"Acer Predator Helios Neo 16 2024 PHN16-72 (14th Generation Intel Core i7 14700HX Processor | 16GB RAM | 1TB SSD | NVIDIA GeForce RTX 4050 6GB Graphics | 16"" WUXGA 100% sRGB 165Hz IPS Display | 4-Zone RGB Keyboard)","रु 174,999.00",,
Hewlett-Packard (HP),Omen,"HP Omen 16 (Intel Core i9 13900HX Processor | 16GB RAM | 1TB SSD | NVIDIA RTX 4060 8GB Graphics | 16.1"" FHD 144Hz Display)","रु 174,999.00",,
Acer,,"Acer Predator Helios Neo 16 (Intel Core i7 13650HX Processor | 16GB RAM | 512GB SSD | NVIDIA RTX 4060 8GB Graphics Card | 16"" WUXGA (1920 x 1200) 165Hz IPS Display | Windows 11 Home)","रु 174,999.00",,
Lenovo,Legion Series,Lenovo Legion 5 16IRX9 (13th Generation Intel Core i7 13650HX Processor | 16GB RAM | 1TB SSD | NVIDIA GeForce RTX 4060 8GB Graphics Card | 16-inch WQXGA (2560 x 1600) 165Hz Display | 4-Zone RGB Backlit Keyboard | Windows 11 Home | 1 Year Warranty),"रु 174,999.00",,
Apple,,Apple Macbook Air 2020 M1 Chip (13.3-inch | 8GB RAM | 512GB SSD | 8-core CPU | 7-core GPU ),"रु 175,000.00",,
Apple,,"Apple MacBook Pro 2022 (M2 Chip | 8GB RAM | 256GB SSD | 8-Core CPU | 10-Core GPU | 13.3"" Retina Display)","रु 175,000.00",,
Lenovo,Legion Slim 5 Series,"2024's Lenovo Legion Slim 5 16AHP9 (AMD Ryzen 7 8845HS Processor | 16GB RAM | 512GB SSD | RTX 4060 8GB Graphics | 16"" WQXGA (2560 x 1600) 165Hz 100% sRGB IPS Display | 1 Year Warranty | 4-Zone RGB Keyboard)","रु 175,000.00",,
,,Lenovo Legion Pro 5 16IRX8 (13th Generation Intel Core i9 13900HX Processor | 16GB RAM | 512GB SSD | NVIDIA GeForce RTX 4050 Graphics Card | 16-inch WQXGA (2560 x 1600) 165Hz Display | 1 Year Warranty),"रु 178,999.00",,
Acer,Nitro Series,Acer Nitro 16 Gaming Laptop (AMD Ryzen 7 7735HS Processor | 16GB RAM | 512GB SSD | NVIDIA GeForce RTX 4070 8GB Graphics | 16-inch WQXGA (2560 x 1600) 100% sRGB 165Hz IPS Display | 4-Zone RGB Keyboard | 1 Year Warranty),"रु 179,999.00",16GB DDR5 RAM,512GB PCIe NVMe M.2 SSD
ASUS,VivoBook Series,"ASUS VivoBook S 14 OLED S5406MA (14th Gen Intel Core Ultra 9 185H Processor | 16GB RAM | 1TB SSD Storage | Intel Arc Graphics | 14"" WUXGA (1920 x 1200) 100% DCI-P3 OLED Display | Backlit Keyboard | Windows 11)","रु 179,999.00",,
ASUS,V Gaming Series,"2025's ASUS V16 V3607VJ Gaming Laptop (15th Generation Intel Core 7 240H Series 2 Processor | 16GB RAM | 1TB SSD | RTX 3050 6GB Graphics | 16"" WUXGA (1920 x 1200) LED Display | Backlit Keyboard | 2 Years Authorized Warranty + 1 Year Perfect Warranty)","रु 179,999.00",,
Apple,,Apple MacBook Pro 2020 M1 Chip (13.3 inch | 8GB RAM | 512GB SSD | 8-core CPU | 8-core GPU ),"रु 180,000.00",,
Apple,,Apple Macbook Air 2022 M2 Chip (8GB RAM | 256GB SSD | 8 Core CPU | 10 Core GPU | 15.3 inch Retina Display),"रु 180,000.00",,
Acer,Predator Series,"Acer Predator Helios Neo 14 2024 (14th Generation Intel Core Ultra 7 155H Processor | 16GB RAM | 1TB SSD Storage | NVIDIA GeForce RTX 4060 8GB Graphics Card | 14"" WQXGA (2560 x 1600) 120Hz 100% sRGB Display | RGB Keyboard | 1 Year Warranty)","रु 181,999.00",,
Asus,,"ASUS TUF Gaming A15 (2023) FA507XU (AMD Ryzen 9 - 7940HS Processor | 16GB RAM | 1TB SSD | NVIDIA RTX 4050 Graphics | 15.6"" FHD 144Hz Display)","रु 182,000.00",,
Acer,Predator Helios Neo 16,Acer Predator Helios Neo 16 2024 (14th Generation Intel Core i7 14650HX Processor | 16GB RAM | 1TB SSD | NVIDIA GeForce RTX 4060 8GB Graphics Card | 16-inch WUXGA (1920 x 1200) 180Hz Display | 1 Year Warranty),"रु 184,499.00",,
ASUS,ZenBook Series,[2024] ASUS ZenBook 14 OLED UX3405MA (AI-integrated Intel Core Ultra 7 155H Processor | 16GB RAM | 1TB SSD | 14-inch 3K (2880 x 1800) 120Hz OLED Display | Intel Arc Graphics | 2 Years Authorized Warranty & 1 Year Asus Perfect Warranty),"रु 185,000.00",,
Lenovo,LOQ Series,"Lenovo LOQ 15IRX9 2024 (14th Generation Intel Core i7 14700HX Processor | 16GB RAM | 1TB SSD Storage | NVIDIA GeForce RTX 4060 8GB Graphics | 15.6"" FHD (1920 x 1080) 144Hz 100% sRGB IPS Display | 4-Zone RGB Keyboard | 1 Year Warranty)","रु 185,999.00",,
Dell,Gaming Series,Dell G16 Gaming Laptop (Intel Core i9 13900HX Processor | 16GB RAM | 1TB SSD | RTX 4060 8GB Graphics Card | 16-inch QHD+ (2560x1600) 240Hz Display | 1-Zone RGB Backlit Keyboard),"रु 187,999.00",,
Acer,,"Acer Predator Helios Neo 16 (13th Gen Intel Core i9-13900HX Processor | 16GB DDR5 RAM | 512GB SSD | NVIDIA RTX 4060 8GB Graphics Card | 16"" WQXGA 165Hz Display | 1 Year Warranty)","रु 188,000.00",,
Acer,Predator Triton Series,"Acer Predator Triton Neo 16 Gaming Laptop (Intel Core Ultra 7 155H Processor | 16GB RAM | 1TB SSD Storage | NVIDIA GeForce RTX 4060 8GB Graphics | 16"" WQXGA (2560 x 1600) 100% DCI-P3 240Hz Display | 3-Zone RGB Keyboard | Windows 11 Home)","रु 188,999.00",,
Apple,MacBook (M3 Air Chip),"[2024] Apple MacBook Air M3 (15.3"" Liquid Retina Display | 8GB Memory | 256GB Storage | 8-Core CPU | 8-Core GPU | Genuine VAT Bill)","रु 189,999.00",,
Apple,MacBook Air,MacBook Air M3 Chipset (13-inch Liquid Retina Display | 8GB Memory | 512GB Storage | 8-Core CPU & 10-Core GPU | MacOS | 1 Year Global Warranty),"रु 189,999.00",,
MSI,Cyborg Series,MSI Cyborg 15 AI A1VFK (Intel Core Ultra 7 Processor with Intel AI Boost | 16GB DDR5 RAM | 512GB Gen 4 SSD | NVIDIA GeForce RTX 4060 8GB GDDR6 Graphics Card | 15.6-inch FHD (1920 x 1080) 144Hz Display | 2 Years Authorized Warranty),"रु 190,000.00",,
ASUS,ZENBOOK,"Asus Zenbook S 13 OLED UX5304VA - NQ021W (Intel Core i7-1355U Processor | 16GB RAM | 1 TB SSD Storage | 13.3"" OLED 2.8K Display)","रु 191,000.00",,
ASUS,ZenBook Series,[2024] ASUS ZenBook 14 OLED UX3405MA (AI-integrated Intel Core Ultra 9 185H Processor | 16GB RAM | 1TB SSD | 14-inch 3K (2880 x 1800) 120Hz OLED Display | Intel Arc Graphics | 2 Years Authorized Warranty),"रु 191,999.00",,
Acer,Predator Series,[2024] Acer Predator Helios Neo 16 (Intel Core i9 14900HX Processor | 16GB RAM | 1TB SSD | NVIDIA GeForce RTX 4060 8GB Graphics Card | 16-inch WUXGA 165Hz Display | Best Gaming Laptop),"रु 191,999.00",,
Acer,,"Acer Predator Helios Neo 16 (13th Gen Intel Core i9-13900HX Processor | 16GB DDR5 RAM | 1TB SSD | NVIDIA RTX 4060 8GB Graphics Card | 16"" WQXGA 165Hz Display | 1 Year Warranty)","रु 192,000.00",,
Lenovo,Legion Series,Lenovo Legion Y7000P 2024 (14th Gen Intel Core i7 14650HX Processor | 16GB RAM | 1TB SSD | NVIDIA GeForce RTX 4060 8GB GDDR6 Graphics Card | 16-inch 2.5K 165Hz Display | 1 Year Warranty),"रु 195,000.00",,
Asus,,"Asus TUF Gaming F15 (2022) FX507ZM-HF095W (Intel Core i7- 12700H Processor | 16GB RAM | 1TB SSD | NVIDIA RTX 3060 Graphics | 15.6"" FHD 300Hz Display)","रु 195,000.00",,
ASUS,ZenBook Series,"ASUS ZenBook S 13 OLED UX5304MA (Intel Core Ultra 7 Processor 155U | 16GB RAM | 1TB SSD | 13.3"" 3K (2880 x 1800) OLED Display | Intel AI Boost NPU | 2 Years Authorized Warranty & Genuine Windows 11)","रु 195,999.00",,
Apple,,"Apple MacBook Pro 2022 (M2 Chip | 8GB RAM | 512GB SSD | 8-Core CPU | 10-Core GPU | 13.3"" Retina Display)","रु 197,000.00",,
Lenovo,,"Lenovo Legion 5i Pro (13th Gen Core i7-13700HX | 16GB RAM | 512GB SSD| 16"" WQXGA (2560 x 1600) 165Hz Display | RTX 4060 Graphics | Windows 11)","रु 198,999.00",,
ASUS,VivoBook Series,[Copilot + PC] ASUS VivoBook S15 OLED S5507QA (Snapdragon® X Elite X1E 78 100 Processor | 16GB RAM | 1TB SSD | Qualcomm® Adreno™ GPU | 15.6-inch 3K (2880 x 1620) 120Hz OLED Display | Qualcomm® Hexagon™ NPU | 2 Years Authorized Warranty),"रु 199,999.00",,
Apple,MacBook Air,MacBook Air M3 Chipset (13-inch Liquid Retina Display | 16GB Memory | 512GB Storage | 8-Core CPU & 10-Core GPU | MacOS | 1 Year Global Warranty),"रु 199,999.00",,
ASUS,ROG ZEPHYRUS GAMING (GA503RM),Asus ROG Zephyrus G15 GA503RM (AMD Ryzen 9 - 6900HS | 16GB RAM | 1TB SSD | RTX 3060 Graphics | 15.6 WQHD 165Hz Display),"रु 200,000.00",,
Asus,,"ASUS ZenBook 14 Flip OLED UP3404VA (Intel Core i7-1360P Processor | 16GB RAM | 1TB SSD | Intel Iris Xe Graphics | 14"" OLED 2.8K Touchscreen Display)","रु 200,000.00",,
Asus,,"Asus TUF Gaming F15 (2022) FX507ZM-HQ166W (Intel Core i7- 12700H Processor | 16GB RAM | 1TB SSD | NVIDIA RTX 3060 Graphics | 15.6"" WQHD 165Hz Display)","रु 200,000.00",,
DELL,Alienware x14,"Dell Alienware X14 (Intel Core i7 - 12700H Processor | 16GB RAM | 512GB SSD | NVIDIA RTX 3050 Graphics | 14"" FHD 144Hz Display)","रु 200,000.00",,
ASUS,VivoBook Series,ASUS VivoBook S 16 OLED S5606MA (Intel Core Ultra 9 185H Processor | 16GB RAM | 1TB SSD | Intel Arc Graphics | 16-inch 3.2K (3200 x 2000) 120Hz OLED Display | 2 Years Authorized Warranty),"रु 202,999.00",,
Acer,Predator Series,Acer Predator Helios Neo 16 (Intel Core i9 14900HX Processor | 32GB RAM | 1TB SSD | NVIDIA GeForce RTX 4060 8GB Graphics Card | 16-inch WQXGA (2560 x 1600) 240Hz Display | 1 Year Warranty),"रु 204,999.00",,
Apple,,"Apple 2023 Mac Mini Desktop Computer (M2 Pro chip, 16GB Unified Memory, 512GB SSD Storage) | 1 year authorized warranty","रु 205,000.00",,
Apple,MacBook Air,"Apple MacBook Air M3 2024 (15.3"" Liquid Retina Display | 16GB Unified Memory | 256GB Storage | 8-Core CPU | 10-Core GPU | Wi-Fi 6E & Bluetooth 5.3 | macOS | 1 Year Apple International Warranty)","रु 206,999.00",,
Apple,MacBook Air,MacBook Air M4 2025 (13.6-inch (2560 x 1664) Liquid Retina Display | 16GB Memory | 512GB SSD Storage | 10-core CPU & 10-core GPU | 16-core Neural Engine | Backlit Magic Keyboard | Wi-Fi 6E & Bluetooth 5.3 | 2 Years Warranty & 1 Year Breakage Insurance),"रु 209,999.00",,
MSI,Delta,"MSI Delta 15 (AMD Ryzen 7 - 5800H Processor | 16GB RAM | 512GB SSD | AMD RX6700M Graphics | 15.6"" FHD 240Hz Display)","रु 210,000.00",,
Apple,MacBook Air,MacBook Air M4 2025 (15.3-inch (2880 x 1864) Liquid Retina Display | 16GB Memory | 256GB SSD Storage | 10-core CPU & 10-core GPU | 16-core Neural Engine | Backlit Magic Keyboard | Wi-Fi 6E & Bluetooth 5.3 | 2 Years Warranty & 1 Year Breakage Insurance),"रु 214,999.00",,
ASUS,ROG Strix Series,"ASUS ROG Strix G16 G614JV (13th Generation Intel Core i7 13650HX Processor | 16GB RAM | 1TB SSD | 16"" WUXGA 165Hz 100% sRGB IPS Display | NVIDIA GeForce RTX 4060 8GB Graphics | 4-Zone RGB Keyboard | Windows 11)","रु 214,999.00",,
ASUS,TUF Series,"[2024] ASUS TUF Gaming F16 (FX607JV) Intel Core™ i7-13650HX Processor | 16GB DDR5 | 1TB Gen 4 SSD | RTX4060 8GB Graphics | 16.0"" WUXGA (1920 x 1200) 165Hz IPS Display | 1-Zone RGB Keyboard | 2 Years Authorized Warranty)","रु 215,000.00",,
Apple,MacBook Pro,"Apple MacBook Pro M3 (14"" (3024 x 1964) Liquid Retina XDR Display | 8 GB Memory | 512GB SSD | 8-Core CPU | 10-Core GPU | Backlit Magic Keyboard | Wi-Fi 6E & BT5.3 | 1 Year Apple International Warranty)","रु 216,999.00",,
Lenovo,,"Lenovo Legion 5i Pro (13th Generation Intel Core i7-13700HX Processor | 16GB RAM | 1TB SSD |16"" WQXGA (2560 x 1600) 240Hz Display | NVIDIA GeForce RTX 4060 8GB Graphics Card | Windows 11)","रु 217,999.00",,
Lenovo,Legion Series,Lenovo Legion Pro 5i Gen 8 (Intel Core i7 13700HX Processor | 16GB RAM | 1TB SSD | NVIDIA GeForce RTX 4070 8GB Graphics Card | 16-inch WQXGA (2560 x 1600) IPS 240Hz Display | RGB Backlit Keyboard),"रु 219,999.00",,
ASUS,ROG Strix Series,"Asus ROG Strix G16 2023 G614JU-N3122W (Intel Core i7 - 13650HX Processor |16GB RAM | 1TB SSD Storage | NVIDIA RTX 4050 Graphics | 16"" WUXGA 165Hz Display | 2 Years Authorized Warranty)","रु 220,000.00",,
Apple,MacBook Air,MacBook Air M3 2024 (13-inch Liquid Retina Display | 24GB Memory | 512GB Storage | 8-Core CPU & 10-Core GPU | MacOS | 1 Year Apple International Warranty),"रु 220,000.00",,
Lenovo,,"Lenovo Legion 5i Pro 2023 (Intel Core i9 13900HX | 32GB RAM | 1TB SSD | RTX 4060 8GB Graphics |16"" WQXGA (2560 x 1600) 165Hz Display | 1 Year Warranty)","रु 221,999.00",,
Apple,,"Apple iMac 24"" 2021 M3 Chip (8GB RAM | 256GB SSD | 8-core CPU | 8-core GPU ) | Blue | 2 years warrranty & 1 year breakage insurance","रु 222,000.00",,
Dell,XPS Series,"Dell XPS 13 9340 (Intel Core Ultra 7 155H Processor | 16GB RAM | 512GB SSD | Intel Arc Graphics | 13.4"" FHD+ (1920 x 1200) 120Hz IPS Display | Backlit Keyboard & Fingerprint Reader)","रु 222,599.00",,
Acer,,"Acer Predator Helios Neo 16 (13th Gen Intel Core i9-13900HX Processor | 32GB DDR5 RAM | 1TB SSD | NVIDIA RTX 4070 8GB Graphics Card | 16"" WQXGA 165Hz Display | 1 Year Warranty)","रु 222,999.00",,
Dell,XPS,"[Copilot+ PC] Dell XPS 13 9350 2025 (15th Gen Intel Core Ultra 7 256V Processor | 16GB RAM | 512GB SSD Storage | 13.4"" FHD+ (1920 x 1200) 120Hz 100% sRGB InfinityEdge Display | Intel Arc Graphics | Backlit Keyboard | Windows 11 Home | 1 Year Warranty)","रु 224,999.00",,
Gigabyte ,,"Gigabyte AORUS 5 SE4 Gaming (Intel Core i7 - 12700H Processor | 16GB RAM | 512GB SSD | NVIDIA RTX 3070 Graphics | 15.6"" FHD 144Hz Display)","रु 225,000.00",,
Apple,,"24"" Apple iMac 2024 M4 Chip (8-Core CPU | 8-Core GPU | 16-Core Neural Engine | 16GB Unified Memory | 256GB SSD | 24"" 4.5K (4480 x 2520) Retina Display | 1 Year Apple International Warranty)","रु 229,999.00",,
Lenovo,Yoga Series,"Lenovo Yoga 9i 2-in-1 14IMH9 (Intel Core Ultra 7 155H Processor | 16GB RAM | 1TB SSD Storage | Intel Arc Graphics | 14"" 3K (2880 x 1800, WQXGA+) 100% DCI-P3 120Hz Multi-touch OLED Display | Backlight Keyboard | Lenovo Slim Pen | 1 Year Warranty)","रु 230,000.00",,
Lenovo,IdeaPad Series,"Lenovo IdeaPad Pro 5 16IMH9 (Intel Core Ultra 9 185H Processor | 32GB RAM | 1TB SSD | 16"" 2K (2048 x 1280) Multi-Touch 120Hz OLED Display | RTX 4050 6GB Graphics | Backlit Keyboard | 1 Year Warranty)","रु 234,999.00",,
Lenovo,Legion Series,Lenovo Legion Pro 5 16IRX9 (14th Gen Intel Core i7 14700HX Processor | 16GB RAM | 1TB SSD | NVIDIA GeForce RTX 4070 8GB Graphics Card | 16-inch WQXGA (2560 x 1600) 165Hz Display | 4-Zone RGB Backlit Keyboard | Windows 11 Home | 1 Year Warranty),"रु 235,000.00",,
DELL,Alienware M15 R7,"Dell Alienware M15 R7 (Intel Core i7 - 12700H Processor | 16GB RAM | 1TB NVMe SSD | NVIDIA RTX 3060 Graphics | 15.6"" 2K QHD 240Hz Display)","रु 235,000.00",,
Apple,MacBook Air ,"Apple MacBook Air M3 2024 (15.3"" (2880 x 1864) Liquid Retina Display | 16 GB Memory | 512 GB Storage | 8-Core CPU | 10-Core GPU | Backlit Magic Keyboard | Wi-Fi 6E & Bluetooth 5.3 | 1 Year Apple International Warranty)","रु 237,000.00",,
Apple,M4 Series,2024's Apple Mac Mini M4 Pro (12 Core CPU | 16 Core GPU | 16 Core Neural Engine | 24GB Unified Memory | 512GB SSD Storage | Wi-Fi 6E & Bluetooth 5.3 | Genuine VAT Bill | 1 Year International Warranty),"रु 239,999.00",,
Apple,MacBook Air,MacBook Air M4 2025 (13.6-inch (2560 x 1664) Liquid Retina Display | 24GB Memory | 512GB SSD Storage | 10-core CPU & 10-core GPU | 16-core Neural Engine | Backlit Magic Keyboard | Wi-Fi 6E & Bluetooth 5.3 | 2 Years Warranty & 1 Year Breakage Insurance),"रु 239,999.00",,
Apple,MacBook Air,MacBook Air M4 2025 (15.3-inch (2880 x 1864) Liquid Retina Display | 16GB Memory | 512GB SSD Storage | 10-core CPU & 10-core GPU | 16-core Neural Engine | Backlit Magic Keyboard | Wi-Fi 6E & Bluetooth 5.3 | 2 Years Warranty & 1 Year Breakage Insurance),"रु 239,999.00",,
ASUS,ZenBook Series,"[Copilot+ PC] ASUS Zenbook S16 OLED UM5606WA (AMD Ryzen AI 9 HX 370 Processor | 32GB RAM | 1TB SSD | AMD Radeon™ 890M Graphics | 16"" 3K (2880 x 1800) 120Hz OLED Display | Windows 11 Home | 2 Years ASUS Authorized Warranty)","रु 244,999.00",,
ASUS,,"ASUS VivoBook Pro 15 OLED N6506MV (Intel Core Ultra 7 155H Processor | 24GB RAM | 1TB SSD | RTX 4060 8GB Graphics Card | 15.6"" 3K (2880 x 1620) 120Hz OLED Display | 2 Years Authorized Warranty | Intel AI Boost NPU | 1 Year ASUS Perfect Warranty)","रु 244,999.00",,
Acer,Predator Series,Acer Predator Helios Neo 16 (Intel Core i9 14900HX Processor | 16GB RAM | 1TB SSD | NVIDIA GeForce RTX 4070 8GB Graphics Card | 16-inch WQXGA (2560 x 1600) 240Hz Display | 3 Years Warranty),"रु 245,999.00",,
HP,Spectre Series,"HP Spectre x360 2-in-1 Laptop 14t-eu000 (14th Gen Intel Core Ultra 7 155H Processor | 32GB RAM | 1TB SSD Storage | 14"" 2.8K (2880 x 1800) Touch OLED Display | 1 Year Warranty)","रु 249,999.00",,
Apple,,"Apple MacBook Pro 2021 (M1 Pro Chip | 16GB RAM | 512GB SSD | 8-Core CPU | 14-Core GPU | 14.0"" Retina XDR Display)","रु 250,000.00",,
Lenovo,Legion Series,Lenovo Legion 5 16IRX9 (14th Generation Intel Core i9 14900HX Processor | 32GB RAM | 1TB SSD | NVIDIA GeForce RTX 4060 8GB Graphics Card | 16-inch WQXGA (2560 x 1600) 240Hz Display | 4-Zone RGB Backlit Keyboard | Windows 11 Home | 1 Year Warranty),"रु 254,999.00",,
MSI,GP66,"MSI GP66 Leopard 11UE (Intel Core i7- 11800H Processor | 16GB RAM | 512GB SSD | NVIDIA RTX 3060 Graphics | 15.6"" FHD 240Hz Display)","रु 259,000.00",,
Apple,,"24"" Apple iMac 2024 M4 Chip (8-Core CPU | 10-Core GPU | 16-Core Neural Engine | 16GB Unified Memory | 256GB SSD | 24"" 4.5K (4480 x 2520) Retina Display | 1 Year Apple International Warranty)","रु 259,999.00",,
Apple,,"Apple MacBook Pro 2021 M1 Pro Chip (14-inch Liquid Retina XDR (3024 x 1964) display | 16GB Unified Memory | 1TB SSD | 10-core CPU | 16-core GPU | Fully Genuine, 1 Year Global Warranty & Full VAT Bill)","रु 260,000.00",,
Apple,,"Apple iMac 24"" 2021 M1 Chip (8GB RAM | 512GB SSD | 8-core CPU | 8-core GPU | 24"" 4.5K Retina Display)","रु 260,000.00",,
ASUS,ROG Strix Series,"ASUS ROG Strix G16 (2024) G614 (14th Generation Intel Core i9 14900HX Processor |16GB DDR5 RAM | 1TB SSD Storage | RTX 4060 8GB Graphics Card | 16"" QHD+ (2560 x 1600) 240Hz 100% DCI-P3 IPS Display | 2 Years Authorized Warranty | Windows 11 Home)","रु 264,999.00",,
Apple,MacBook Pro,"Apple MacBook Pro M4 Chip (14.2"" (3024 x 1964) Liquid Retina XDR Display | 16GB Unified Memory | 512GB SSD Storage | 10-core CPU | 10-core GPU | 16-core Neural Engine | MacOS | 1 Year Apple International Warranty)","रु 266,999.00",,
ASUS,,"ASUS VivoBook Pro 15 OLED N6506MV (Intel Core Ultra 9 185H Processor | 24GB RAM | 1TB SSD | RTX 4060 8GB Graphics Card | 15.6"" 3K (2880 x 1620) 120Hz OLED Display | 2 Years Authorized Warranty | Intel AI Boost NPU | 1 Year ASUS Perfect Warranty)","रु 267,999.00",,
ASUS,ROG Zephyrus Series,ASUS ROG Zephyrus G14 GA403UV (AMD Ryzen 9 8945HS Processor | 16GB RAM | 1TB SSD | NVIDIA GeForce RTX 4060 8GB Graphics Card | 14-inch ROG Nebula Display 3K (2880 x 1800) 120Hz OLED Display | Windows 11),"रु 269,999.00",,
ASUS,ROG Strix Series,"Asus ROG Strix Scar 15 G533ZW Gaming Laptop (Intel Core i9 12900H Processor | 16GB RAM | 1TB SSD | NVIDIA RTX 3070Ti 8GB Graphics | 15.6"" FHD 300Hz Display | 2 Years Authorized Warranty)","रु 269,999.00",,
Apple,MacBook Pro Series (M3 Chip),Apple MacBook Pro 2023 M3 Chip (14-inch Liquid Retina XDR Display | 8 GB Memory | 1TB Storage | 8-Core CPU | 10-Core GPU | Backlit Magic Keyboard),"रु 270,000.00",,
Apple,,Apple MacBook Pro 2021 M1 Pro Chip (16-inch | 16GB RAM | 512GB SSD | 10-core CPU | 16-core GPU),"रु 275,000.00",,
Lenovo,Legion Series,Lenovo Legion 5i Gen 9 (14th Generation Intel Core i9 14900HX Processor | 16GB RAM | 1TB SSD | NVIDIA GeForce RTX 4070 8GB Graphics Card | 16-inch WQXGA (2560 x 1600) 165Hz Display | 4-Zone RGB Backlit Keyboard | Windows 11 Home | 1 Year Warranty),"रु 276,999.00",,
DELL,XPS,"Dell XPS 13 9320 Plus (Intel Core i7 - 1260P Processor | 16GB RAM | 512 GB SSD | Intel Iris Xe Graphics | 13.4"" OLED 3.5K Touchscreen Display)","रु 279,000.00",,
Dell,Alienware Series,"Dell Alienware M16 R2 Gaming Laptop (14th Gen Intel Core Ultra 7 155H Processor | 32GB RAM | 1TB SSD | NVIDIA GeForce RTX 4070 8GB Graphics Card | 16"" QHD+ (2560 x 1600) 240Hz Display | Windows 11 | Per Key RGB | 1 Year Warranty)","रु 279,999.00",,
Apple,MacBook Air,MacBook Air M4 2025 (15.3-inch (2880 x 1864) Liquid Retina Display | 24GB Memory | 512GB SSD Storage | 10-core CPU & 10-core GPU | 16-core Neural Engine | Backlit Magic Keyboard | Wi-Fi 6E & Bluetooth 5.3 | 2 Years Warranty & 1 Year Breakage Insurance),"रु 279,999.00",,
Lenovo,Legion Series,"[Glacier White] Lenovo Legion 7 16IRX9 (14th Gen Intel Core i9 14900HX Processor | 16GB RAM | 1TB SSD | NVIDIA GeForce RTX 4060 8GB Graphics Card | 16"" 3.2K (3200 x 2000) 165Hz 100% DCI-P3 IPS Display | Per Key RGB Keyboard | 1 Year Warranty)","रु 279,999.00",,
Dell,Alienware Series,Dell Alienware M16 Gaming Laptop (13th Gen Intel Core i7 13700HX Processor | 16GB RAM | 1TB SSD Storage | NVIDIA GeForce RTX 4070 8GB GDDR6 Graphics Card | 16-inch QHD+ (2560 x 1600) 165Hz Display | 1 Year Warranty),"रु 280,000.00",,
MSI,Creator,"MSI Creator Z16 A11UET (Intel Core i7 - 11800H Processor | 16GB RAM | 512GB SSD | NVIDIA RTX 3060 Graphics | 16"" QHD 120Hz Touchscreen Display)","रु 284,000.00",,
Dell,XPS Series,"Dell XPS 13 9340 (Intel Core Ultra 7 155H Processor | 16GB RAM | 512GB SSD | Intel Arc Graphics | 13.4"" QHD+ (2560 x 1600) 120Hz Touch IPS Display | MS Office | Backlit Keyboard & Fingerprint Reader | 2 Years Authorized Warranty)","रु 284,999.00",,
DELL,Alienware,"Dell Alienware M15 R6 (Intel Core i7 - 11800H Processor | 32GB RAM | 1TB NVMe SSD | NVIDIA RTX 3070 Graphics | 15.6"" QHD 240Hz Display)","रु 285,000.00",,
DELL,XPS,Dell XPS 13 Plus 9320 (Intel Core i7 - 1360P Processor | 16GB RAM | 512GB SSD | Intel Iris Xe | 3.5K OLED Touch|Backlit Keyboard |Fingerprint ),"रु 288,000.00",,
Apple,,Apple MacBook Pro 2021 M1 Pro Chip (16-inch | 16GB RAM | 1TB SSD | 10-core CPU | 16-core GPU ),"रु 290,000.00",,
Apple,MacBook Pro,"Apple MacBook Pro M4 Chip (14.2"" (3024 x 1964) Liquid Retina XDR Display | 16GB Unified Memory | 1TB SSD Storage | 10-core CPU | 10-core GPU | 16-core Neural Engine | MacOS | 1 Year Apple International Warranty)","रु 294,999.00",,
Apple,MacBook Pro (M3 Pro Chip),[2024] Apple MacBook Pro M3 Pro Chip (14-inch Liquid Retina XDR Display | 18 GB Memory | 512 GB Storage | 11-Core CPU | 14-Core GPU | 2 Years Warranty & 1 Year Breakage Insurance),"रु 294,999.00",,
Asus,,"ASUS ROG Zephyrus M16 GU603ZW (Intel Core i9 - 12900H Processor | 32GB RAM | 1TB SSD | NVIDIA RTX 3070Ti Graphics | 16"" WQXGA 165Hz Display)","रु 294,999.00",,
Apple,,"Apple MacBook Pro 2023 (M2 Pro Chip | 16GB RAM | 512GB SSD | 10-Core CPU | 16-Core GPU | 14.2"" Retina XDR Display)","रु 295,000.00",,
ASUS,ZenBook Duo Series,ASUS ZenBook Duo 2024 UX8406 (Intel® Core™ Ultra 9 Processor 185H | 32GB RAM | 2TB NVMe SSD | 14-inch 3K (2880 x 1800) OLED Touch Display | Intel Arc Graphics | 2 Years Authorized Warranty),"रु 299,999.00",,
ASUS,Creator Series,[2024] ASUS ProArt PX13 OLED HN7306WU (AMD Ryzen AI 9 HX 370 Processor | 24GB RAM | 1TB SSD | NVIDIA GeForce RTX 4050 6GB Graphics Card | 13.3-inch 3K (2880 x 1800) Touch Display | 2 Years Authorized Warranty),"रु 302,999.00",,
Asus,,"Asus ROG Strix G18 2023 Gaming Laptop (Intel Core i9 - 13980HX Processor | 16GB RAM | 1TB SSD Storage | NVIDIA RTX 4070 8GB Graphics |18"" WUXGA 165Hz Display )","रु 303,000.00",,
,,ASUS ROG Zephyrus G16 2024 GU605MI (Intel Core Ultra 9 Processor | 16GB RAM | 1TB SSD | NVIDIA GeForce RTX 4070 8GB Graphics Card | 16-inch WQXGA (2560 x 1600) 240Hz Display | Intel AI Boost NPU | Windows 11 Home),"रु 304,999.00",,
Lenovo,Legion Series,Lenovo Legion Pro 5 16IRX9 (14th Gen Intel Core i9 14900HX Processor | 32GB RAM | 2TB SSD | NVIDIA GeForce RTX 4070 8GB Graphics Card | 16-inch WQXGA (2560 x 1600) 240Hz Display | 4-Zone RGB Backlit Keyboard | Windows 11 Home | 1 Year Warranty),"रु 319,999.00",,
Apple,MacBook Pro,"Apple MacBook Pro M4 Chip (14.2"" (3024 x 1964) Liquid Retina XDR Display | 24GB Unified Memory | 1TB SSD Storage | 10-core CPU | 10-core GPU | 16-core Neural Engine | MacOS | 1 Year Apple International Warranty)","रु 327,999.00",,
ASUS,ROG Strix Series,"2024's ASUS ROG Strix G18 G814JIR-N6064W (14th Gen Intel Core i9 14900HX Processor | 16GB RAM | 512GB SSD Storage | NVIDIA GeForce RTX 4070 8GB Graphics Card | 18-inch 2.5K (2560 x 1600, WQXGA) 240Hz Display | Windows 11 Pro | 2 years Authorized Warranty)","रु 330,999.00",,
Apple,MacBook Pro,"Apple MacBook Pro M4 Pro Chip (14.2"" (3024 x 1964) Liquid Retina XDR Display | 24GB Unified Memory | 512GB SSD Storage | 12-core CPU | 16-core GPU | 16-core Neural Engine | MacOS | 1-Year Apple International Warranty)","रु 334,999.00",,
ASUS,Zephyrus Series,"ASUS ROG Zephyrus (2024) GA605WV-QP130W (AMD Ryzen AI 9 HX 370 Processor | 16GB RAM | 1TB SSD Storage | RTX 4060 8GB Graphics | 16"" 2.5K (2560 x 1600) 240Hz 100% DCI-P3 IPS Display | 2 Years Authorized Warranty & 1 Year Breakage Insurance)","रु 339,999.00",,
ASUS,ROG Strix Series,"ASUS ROG Strix G16 G614JIR (14th Generation Intel Core i9 14900HX Processor | 32GB RAM | 1TB SSD | RTX 4070 8GB Graphics | 16"" WQXGA (2560 x 1600) 240Hz 100% DCI-P3 IPS Display | 2 Years Warranty & 1 Year ASUS Perfect Warranty)","रु 339,999.00",,
Razer,,"Razer Blade 14 (AMD Ryzen 9 6900HX Processor | 16GB RAM | 1TB SSD | NVIDIA RTX 3070Ti Graphics | 14"" QHD 165Hz Display)","रु 340,000.00",,
Acer,Predator Series,Acer Predator Helios Neo 16 (Intel Core i9 14900HX Processor | 16GB RAM | 1TB SSD | NVIDIA GeForce RTX 4080 8GB Graphics Card | 16-inch WQXGA (2560 x 1600) 240Hz Display | 3 Years Warranty),"रु 347,999.00",,
Lenovo,,Lenovo IdeaPad Slim 3 15IRH8 (13th Gen Intel Core i5 13420H Processor | 16GB RAM | 512GB SSD | Intel UHD Graphics | 15.6″ FHD (1920 x 1080) Display | Fingerprint Reader | Backlit Keyboard | 1 Year Warranty),"रु 74,499.00",,
Acer,Aspire Series,"Acer Aspire 15 2024 (AMD Ryzen 5 8640HS Processor | 16GB DDR5 RAM | 512GB SSD | 15.6"" FHD (1920 x 1080) Display | Backlit Keyboard & Fingerprint Reader | 1 Year Warranty)","रु 77,999.00",,
Hewlett-Packard (HP),Victus,HP Victus 15 2023 (Intel Core i5 12450H Processor | 16GB RAM | 512GB Storage | NVIDIA RTX 3050 Graphics | 15.6″ FHD 144Hz Display | 1 Year Warranty),"रु 89,399.00",,
Acer,Swift Series,"Acer Swift Go 14 OLED (13th Generation Intel Core i5 13500H Processor | 16GB RAM | 512GB Gen4 SSD | 14-inch 2.8K (WQXGA+, 2880 x 1800) 90Hz OLED Display | Intel Iris Xe Graphics Card | Backlit Keyboard | Fingerprint Scanner)","रु 95,999.00",,
Lenovo,LOQ Series,Lenovo LOQ 15ARP9 (AMD Ryzen 7 7435HS Processor | 16GB RAM | 512GB SSD | NVIDIA GeForce RTX 4050 6GB Graphics Card | 15.6-inch FHD (1920 x 1080) 144Hz Display | 1 Year Warranty),"रु 129,000.00",,
Apple,MacBook Air,MacBook Air M4 2025 (13.6-inch (2560 x 1664) Liquid Retina Display | 16GB Memory | 256GB SSD Storage | 10-core CPU & 8-core GPU | 16-core Neural Engine | Backlit Magic Keyboard | Wi-Fi 6E & Bluetooth 5.3 | 2 Years Authorized Warranty & 1 Year Insurance),"रु 174,999.00",,
Lenovo,Legion Series,"Lenovo Legion 5 16IRX9 (14th Generation Intel Core i7 14650HX Processor | 16GB RAM | 512GB SSD | NVIDIA GeForce RTX 4060 8GB Graphics Card | 16"" WQXGA (2560 x 1600) 165Hz Display | 4-Zone RGB Backlit Keyboard | Windows 11 Home | 1 Year Warranty)","रु 186,999.00",,
Apple,,"Apple MacBook Pro 2023 (M2 Pro Chip | 16GB RAM | 512GB SSD | 12-Core CPU | 19-Core GPU | 16.2"" Retina XDR Display)","रु 365,000.00",,
Apple,,"Apple MacBook Pro 2023 (M2 Pro Chip | 16GB RAM | 1TB SSD | 12-Core CPU | 19-Core GPU | 14.2"" Retina XDR Display)","रु 375,000.00",,
Apple,,"Apple MacBook Pro 2023 (M2 Pro Chip | 16GB RAM | 1TB SSD | 12-Core CPU | 19-Core GPU | 16.2"" Retina XDR Display)","रु 380,000.00",,
Apple,MacBook Pro (M3 Pro Chip),Apple MacBook Pro 2023 M3 Chip Pro (14-inch Liquid Retina XDR Display | 18 GB Memory | 1 TB Storage | 12-Core CPU | 18-Core GPU | Magic Keyboard with Touch ID),"रु 380,000.00",,
Apple,MacBook Pro,"Apple MacBook Pro M4 Pro Chip (14.2"" (3024 x 1964) Liquid Retina XDR Display | 24GB Unified Memory | 1TB SSD Storage | 14-core CPU | 20-core GPU | 16-core Neural Engine | MacOS | 1 Year Apple International Warranty)","रु 389,000.00",,
DELL,XPS,Dell XPS 15 9530 (Intel Core i7 - 13700H Processor | 32GB RAM | 1TB SSD | NVIDIA RTX 4050 6GB| 3.5K OLED Touch | Backlit Keyboard),"रु 395,000.00",,
Lenovo,Legion Series,"Lenovo Legion Pro 7 16IRX9H (14th Gen Intel Core i9 14900HX Processor | 32GB RAM | 1 TB SSD | NVIDIA GeForce RTX 4080 12GB Graphics Card | 16"" WQXGA (2560 x 1600) 240Hz 100% DCI-P3 IPS Display | Per-Key RGB Keyboard | 1 Year Warranty)","रु 414,999.00",,
Dell,XPS Series,"Dell XPS 14 9440 (Intel Core Ultra 7 155H Processor | 32GB RAM | 1TB SSD | RTX 4050 6GB Graphics Card | 14.5"" 3.2K (3200 x 2000) OLED Display | MS Office | Backlit Keyboard & Fingerprint Reader | 2 Years Authorized Warranty)","रु 440,999.00",,
Apple,,"Apple MacBook Pro 2023 (M2 Pro Chip | 32GB RAM | 1TB SSD | 12-Core CPU | 30-Core GPU | 14.2"" Retina XDR Display)","रु 468,000.00",,
ASUS,ZENBOOK,"Asus Zenbook 17 Fold OLED UX9702 (Intel Core i7 1250U Processor | 16GB RAM | 1TB SSD | Intel Iris Xe Graphics | 17.3"" 2.5K OLED Foldable Touchscreen Display)","रु 535,000.00",,
Apple,MacBook Pro,"Apple MacBook Pro M4 Max Chip (14.2"" (3024 x 1964) Liquid Retina XDR Display | 36GB Unified Memory | 1TB SSD Storage | 14-core CPU | 32-core GPU | 16-core Neural Engine | MacOS | 1-Year Apple International Warranty)","रु 545,000.00",,
Lenovo,Legion Series,"Lenovo Legion 9 16IRX9 (14th Generation Intel Core i9 14900HX Processor | 32GB DDR5 RAM | 2TB SSD Storage | NVIDIA GeForce RTX 4090 16GB Graphics | 16"" 3.2K (3200 x 2000) 165Hz 100% DCI-P3 Mini-LED Display | Per Key RGB Keyboard | 1 Year Warranty)","रु 569,999.00",,
ASUS,ROG Strix Series,"ASUS ROG Strix Scar 18 (Intel Core i9 14900HX Processor | 32GB RAM | 1TB SSD | NVIDIA GeForce RTX 4090 16GB Graphics Card | 18-inch ROG Nebula HDR 2.5K (2560 x 1600, WQXGA) 240Hz Display | 2 Years ASUS Authorized Warranty | Per-Key RGB)","रु 605,000.00",,
Acer,Nitro Series,Acer Nitro V 15 2024 (AMD Ryzen 5 7535HS Processor | 16GB RAM | 512GB SSD | NVIDIA GeForce RTX 2050 4GB Graphics Card | 15.6-inch FHD (1920 x 1080) 144Hz Display | 1 Year Warranty),"रु 88,999.00",,
